scenario_family,budget,policy_kind,latency_days,block_count,policy_value_mean,policy_value_ci_low,policy_value_ci_high,stale_regret_mean,stale_regret_ci_low,stale_regret_ci_high,relative_loss_mean,relative_loss_ci_low,relative_loss_ci_high,target_overlap_mean,target_overlap_ci_low,target_overlap_ci_high,missed_at_risk_mean,missed_at_risk_ci_low,missed_at_risk_ci_high,window_miss_rate_mean,window_miss_rate_ci_low,window_miss_rate_ci_high,selected_customers_mean,selected_customers_ci_low,selected_customers_ci_high,partial_reopt_optimization_call_ratio_mean,partial_reopt_optimization_call_ratio_ci_low,partial_reopt_optimization_call_ratio_ci_high,partial_reopt_regret_recovery_ratio_mean,partial_reopt_regret_recovery_ratio_ci_low,partial_reopt_regret_recovery_ratio_ci_high,partial_reopt_full_refresh_value_ratio_mean,partial_reopt_full_refresh_value_ratio_ci_low,partial_reopt_full_refresh_value_ratio_ci_high,partial_reopt_target_overlap_mean,partial_reopt_target_overlap_ci_low,partial_reopt_target_overlap_ci_high,partial_reopt_missed_at_risk_mean,partial_reopt_missed_at_risk_ci_low,partial_reopt_missed_at_risk_ci_high,partial_reopt_window_miss_rate_mean,partial_reopt_window_miss_rate_ci_low,partial_reopt_window_miss_rate_ci_high,partial_reopt_relative_loss_mean,partial_reopt_relative_loss_ci_low,partial_reopt_relative_loss_ci_high,partial_reopt_target_overlap_recovery_mean,partial_reopt_target_overlap_recovery_ci_low,partial_reopt_target_overlap_recovery_ci_high,partial_reopt_missed_at_risk_recovery_mean,partial_reopt_missed_at_risk_recovery_ci_low,partial_reopt_missed_at_risk_recovery_ci_high,partial_reopt_window_miss_rate_recovery_mean,partial_reopt_window_miss_rate_recovery_ci_low,partial_reopt_window_miss_rate_recovery_ci_high,random_refresh_full_refresh_value_ratio_mean,random_refresh_full_refresh_value_ratio_ci_low,random_refresh_full_refresh_value_ratio_ci_high,random_refresh_target_overlap_mean,random_refresh_target_overlap_ci_low,random_refresh_target_overlap_ci_high,random_refresh_missed_at_risk_mean,random_refresh_missed_at_risk_ci_low,random_refresh_missed_at_risk_ci_high,random_refresh_window_miss_rate_mean,random_refresh_window_miss_rate_ci_low,random_refresh_window_miss_rate_ci_high,random_refresh_relative_loss_mean,random_refresh_relative_loss_ci_low,random_refresh_relative_loss_ci_high,random_refresh_target_overlap_recovery_mean,random_refresh_target_overlap_recovery_ci_low,random_refresh_target_overlap_recovery_ci_high,random_refresh_missed_at_risk_recovery_mean,random_refresh_missed_at_risk_recovery_ci_low,random_refresh_missed_at_risk_recovery_ci_high,random_refresh_window_miss_rate_recovery_mean,random_refresh_window_miss_rate_recovery_ci_low,random_refresh_window_miss_rate_recovery_ci_high,top_risk_refresh_full_refresh_value_ratio_mean,top_risk_refresh_full_refresh_value_ratio_ci_low,top_risk_refresh_full_refresh_value_ratio_ci_high,top_risk_refresh_target_overlap_mean,top_risk_refresh_target_overlap_ci_low,top_risk_refresh_target_overlap_ci_high,top_risk_refresh_missed_at_risk_mean,top_risk_refresh_missed_at_risk_ci_low,top_risk_refresh_missed_at_risk_ci_high,top_risk_refresh_window_miss_rate_mean,top_risk_refresh_window_miss_rate_ci_low,top_risk_refresh_window_miss_rate_ci_high,top_risk_refresh_relative_loss_mean,top_risk_refresh_relative_loss_ci_low,top_risk_refresh_relative_loss_ci_high,top_risk_refresh_target_overlap_recovery_mean,top_risk_refresh_target_overlap_recovery_ci_low,top_risk_refresh_target_overlap_recovery_ci_high,top_risk_refresh_missed_at_risk_recovery_mean,top_risk_refresh_missed_at_risk_recovery_ci_low,top_risk_refresh_missed_at_risk_recovery_ci_high,top_risk_refresh_window_miss_rate_recovery_mean,top_risk_refresh_window_miss_rate_recovery_ci_low,top_risk_refresh_window_miss_rate_recovery_ci_high,top_value_refresh_full_refresh_value_ratio_mean,top_value_refresh_full_refresh_value_ratio_ci_low,top_value_refresh_full_refresh_value_ratio_ci_high,top_value_refresh_target_overlap_mean,top_value_refresh_target_overlap_ci_low,top_value_refresh_target_overlap_ci_high,top_value_refresh_missed_at_risk_mean,top_value_refresh_missed_at_risk_ci_low,top_value_refresh_missed_at_risk_ci_high,top_value_refresh_window_miss_rate_mean,top_value_refresh_window_miss_rate_ci_low,top_value_refresh_window_miss_rate_ci_high,top_value_refresh_relative_loss_mean,top_value_refresh_relative_loss_ci_low,top_value_refresh_relative_loss_ci_high,top_value_refresh_target_overlap_recovery_mean,top_value_refresh_target_overlap_recovery_ci_low,top_value_refresh_target_overlap_recovery_ci_high,top_value_refresh_missed_at_risk_recovery_mean,top_value_refresh_missed_at_risk_recovery_ci_low,top_value_refresh_missed_at_risk_recovery_ci_high,top_value_refresh_window_miss_rate_recovery_mean,top_value_refresh_window_miss_rate_recovery_ci_low,top_value_refresh_window_miss_rate_recovery_ci_high
complaint-heavy,2760000,base-stale,0,16,67111144.688532,61589587.578323,72812503.885131,0.0,0.0,0.0,0.0,0.0,0.0,1.0,1.0,1.0,0.0,0.0,0.0,0.0,0.0,0.0,273.4375,250.328125,297.16875,0.017281,0.013139,0.021927,0.0,0.0,0.0,1.0,1.0,1.0,1.0,1.0,1.0,0.0,0.0,0.0,0.0,0.0,0.0,0.0,0.0,0.0,0.0,0.0,0.0,0.0,0.0,0.0,0.0,0.0,0.0,1.0,1.0,1.0,1.0,1.0,1.0,0.0,0.0,0.0,0.0,0.0,0.0,0.0,0.0,0.0,0.0,0.0,0.0,0.0,0.0,0.0,0.0,0.0,0.0,1.0,1.0,1.0,1.0,1.0,1.0,0.0,0.0,0.0,0.0,0.0,0.0,0.0,0.0,0.0,0.0,0.0,0.0,0.0,0.0,0.0,0.0,0.0,0.0,1.0,1.0,1.0,1.0,1.0,1.0,0.0,0.0,0.0,0.0,0.0,0.0,0.0,0.0,0.0,0.0,0.0,0.0,0.0,0.0,0.0,0.0,0.0,0.0
complaint-heavy,2760000,base-stale,1,16,67893739.558128,62106826.818882,73049663.560785,-782594.869596,-1541507.546642,-44178.040919,-0.014151,-0.023516,-0.003011,0.90325,0.888469,0.91831,0.123452,0.101865,0.144734,0.0,0.0,0.0,269.625,248.710938,289.348437,0.062636,0.056147,0.069265,-4.862349,-13.762942,-0.224713,1.002433,0.995454,1.008755,0.925583,0.911192,0.937947,0.089573,0.070839,0.110876,0.0,0.0,0.0,-0.002433,-0.01083,0.005043,0.213499,0.134373,0.294507,0.266465,0.187141,0.350884,0.0,0.0,0.0,1.013436,1.004623,1.021856,0.909273,0.898795,0.920966,0.116019,0.098954,0.135498,0.0,0.0,0.0,-0.013436,-0.022242,-0.004082,0.054818,0.032394,0.08344,0.051884,0.019548,0.083589,0.0,0.0,0.0,1.011957,1.004252,1.018736,0.958531,0.950925,0.965513,0.044474,0.032649,0.056401,0.0,0.0,0.0,-0.011957,-0.019355,-0.00505,0.55994,0.501324,0.618015,0.661356,0.580825,0.739864,0.0,0.0,0.0,1.013151,1.001752,1.023645,0.90689,0.893446,0.921971,0.128693,0.108713,0.147662,0.0,0.0,0.0,-0.013151,-0.021885,-0.003122,0.033423,-0.030957,0.107222,-0.072281,-0.151517,0.001262,0.0,0.0,0.0
complaint-heavy,2760000,base-stale,3,16,67968968.098806,62264260.071158,74041398.29002,-857823.410274,-1499806.270731,-239242.475037,-0.014358,-0.02325,-0.006689,0.895006,0.879646,0.911228,0.135146,0.114074,0.155069,0.00131,0.00062,0.002095,268.8125,248.017188,288.396875,0.062391,0.055942,0.068652,-1.816053,-4.835537,-0.422266,1.001928,0.992995,1.009204,0.922598,0.907483,0.938263,0.09393,0.073796,0.112723,0.001283,0.000496,0.002117,-0.001928,-0.008968,0.005055,0.253515,0.151448,0.350316,0.294224,0.181551,0.397354,0.008409,0.000164,0.017991,1.013931,1.005468,1.02296,0.89983,0.884825,0.913755,0.129242,0.11117,0.151023,0.001307,0.000448,0.002027,-0.013931,-0.024304,-0.005713,0.048099,0.00389,0.081296,0.045663,-0.013223,0.088578,0.000541,-0.004036,0.00566,1.014388,1.007866,1.020357,0.95671,0.948974,0.964038,0.048159,0.035947,0.059408,0.000848,0.000199,0.001606,-0.014388,-0.019815,-0.007865,0.583241,0.519959,0.653046,0.654257,0.565697,0.734522,0.132423,0.003717,0.316836,1.009593,0.999034,1.01845,0.908006,0.895993,0.921726,0.12842,0.111239,0.143957,0.001304,0.000482,0.002148,-0.009593,-0.01907,0.000257,0.110931,0.040498,0.17043,0.016476,-0.057545,0.087132,0.001582,-0.002691,0.006066
complaint-heavy,2760000,base-stale,7,16,67482744.798785,62514779.662068,72195964.576163,-371600.110253,-1076205.264438,464032.095553,-0.008007,-0.018733,0.002098,0.887698,0.874517,0.901012,0.147676,0.125292,0.17768,0.010247,0.005449,0.014957,271.125,250.8,289.157812,0.064448,0.058439,0.070233,-1.257778,-1.985106,-0.613512,0.992687,0.983809,1.001044,0.925214,0.913827,0.937972,0.09202,0.071614,0.112484,0.008278,0.005303,0.011507,0.007313,0.000145,0.015866,0.33445,0.253096,0.408432,0.386787,0.298889,0.468524,0.102516,0.034597,0.184155,1.008387,0.999079,1.017342,0.893315,0.88166,0.905352,0.140119,0.120764,0.161466,0.010039,0.005833,0.013946,-0.008387,-0.017804,0.002194,0.046819,0.011209,0.076982,0.043942,0.008444,0.077692,0.019232,-0.006927,0.059673,1.007694,1.000315,1.014316,0.956858,0.949256,0.962438,0.047599,0.03958,0.057726,0.007461,0.003975,0.010912,-0.007694,-0.014313,-0.001641,0.609333,0.545865,0.666447,0.670349,0.597043,0.736489,0.225258,0.087173,0.401687,1.004811,0.996424,1.013149,0.898469,0.887726,0.910125,0.145624,0.122875,0.169982,0.01024,0.005974,0.015259,-0.004811,-0.011484,0.003455,0.084808,0.026773,0.139279,-0.00855,-0.120277,0.07833,-0.002478,-0.010172,0.005398
complaint-heavy,2760000,full-refresh,0,16,67111144.688532,60903086.405631,73209989.812095,0.0,0.0,0.0,0.0,0.0,0.0,1.0,1.0,1.0,0.0,0.0,0.0,0.0,0.0,0.0,273.4375,250.654687,298.14375,1.0,1.0,1.0,1.0,1.0,1.0,1.0,1.0,1.0,1.0,1.0,1.0,0.0,0.0,0.0,0.0,0.0,0.0,0.0,0.0,0.0,1.0,1.0,1.0,1.0,1.0,1.0,1.0,1.0,1.0,1.0,1.0,1.0,1.0,1.0,1.0,0.0,0.0,0.0,0.0,0.0,0.0,0.0,0.0,0.0,1.0,1.0,1.0,1.0,1.0,1.0,1.0,1.0,1.0,1.0,1.0,1.0,1.0,1.0,1.0,0.0,0.0,0.0,0.0,0.0,0.0,0.0,0.0,0.0,1.0,1.0,1.0,1.0,1.0,1.0,1.0,1.0,1.0,1.0,1.0,1.0,1.0,1.0,1.0,0.0,0.0,0.0,0.0,0.0,0.0,0.0,0.0,0.0,1.0,1.0,1.0,1.0,1.0,1.0,1.0,1.0,1.0
complaint-heavy,2760000,stronger-but-stale,3,16,69467751.211796,63152329.298348,75567998.226815,-2356606.523264,-3227115.442324,-1603833.044633,-0.036169,-0.048006,-0.024075,0.809954,0.780119,0.838654,0.264928,0.216594,0.313688,0.029226,0.018325,0.039428,263.4375,241.832812,285.88125,0.0,0.0,0.0,0.0,0.0,0.0,0.0,0.0,0.0,0.0,0.0,0.0,0.0,0.0,0.0,0.0,0.0,0.0,0.0,0.0,0.0,0.0,0.0,0.0,0.0,0.0,0.0,0.0,0.0,0.0,0.0,0.0,0.0,0.0,0.0,0.0,0.0,0.0,0.0,0.0,0.0,0.0,0.0,0.0,0.0,0.0,0.0,0.0,0.0,0.0,0.0,0.0,0.0,0.0,0.0,0.0,0.0,0.0,0.0,0.0,0.0,0.0,0.0,0.0,0.0,0.0,0.0,0.0,0.0,0.0,0.0,0.0,0.0,0.0,0.0,0.0,0.0,0.0,0.0,0.0,0.0,0.0,0.0,0.0,0.0,0.0,0.0,0.0,0.0,0.0,0.0,0.0,0.0,0.0,0.0,0.0,0.0,0.0,0.0,0.0,0.0,0.0
complaint-heavy,2760000,weaker-but-fresh,0,16,24792470.98858,22145809.087116,27646908.115745,42318673.699952,34587029.549007,49323957.975622,0.611463,0.545348,0.667349,0.727613,0.674977,0.776397,0.063536,0.036682,0.095891,0.0,0.0,0.0,540.1875,525.103125,553.625,0.0,0.0,0.0,0.0,0.0,0.0,0.0,0.0,0.0,0.0,0.0,0.0,0.0,0.0,0.0,0.0,0.0,0.0,0.0,0.0,0.0,0.0,0.0,0.0,0.0,0.0,0.0,0.0,0.0,0.0,0.0,0.0,0.0,0.0,0.0,0.0,0.0,0.0,0.0,0.0,0.0,0.0,0.0,0.0,0.0,0.0,0.0,0.0,0.0,0.0,0.0,0.0,0.0,0.0,0.0,0.0,0.0,0.0,0.0,0.0,0.0,0.0,0.0,0.0,0.0,0.0,0.0,0.0,0.0,0.0,0.0,0.0,0.0,0.0,0.0,0.0,0.0,0.0,0.0,0.0,0.0,0.0,0.0,0.0,0.0,0.0,0.0,0.0,0.0,0.0,0.0,0.0,0.0,0.0,0.0,0.0,0.0,0.0,0.0,0.0,0.0,0.0
complaint-heavy,5480000,base-stale,0,16,110058169.054057,101299824.904461,119804061.981577,0.0,0.0,0.0,0.0,0.0,0.0,1.0,1.0,1.0,0.0,0.0,0.0,0.0,0.0,0.0,553.25,524.309375,581.189062,0.017281,0.012619,0.021679,0.0,0.0,0.0,1.0,1.0,1.0,1.0,1.0,1.0,0.0,0.0,0.0,0.0,0.0,0.0,0.0,0.0,0.0,0.0,0.0,0.0,0.0,0.0,0.0,0.0,0.0,0.0,1.0,1.0,1.0,1.0,1.0,1.0,0.0,0.0,0.0,0.0,0.0,0.0,0.0,0.0,0.0,0.0,0.0,0.0,0.0,0.0,0.0,0.0,0.0,0.0,1.0,1.0,1.0,1.0,1.0,1.0,0.0,0.0,0.0,0.0,0.0,0.0,0.0,0.0,0.0,0.0,0.0,0.0,0.0,0.0,0.0,0.0,0.0,0.0,1.0,1.0,1.0,1.0,1.0,1.0,0.0,0.0,0.0,0.0,0.0,0.0,0.0,0.0,0.0,0.0,0.0,0.0,0.0,0.0,0.0,0.0,0.0,0.0
complaint-heavy,5480000,base-stale,1,16,111471070.432098,102283400.313294,121727670.57318,-1412901.37804,-1999534.096352,-751281.843953,-0.013623,-0.019053,-0.008119,0.871709,0.861635,0.881391,0.173752,0.157464,0.19111,0.0,0.0,0.0,534.25,509.46875,566.314062,0.062636,0.056161,0.06959,-2.817649,-4.853296,-1.109077,0.996698,0.992536,1.00086,0.925575,0.91789,0.933304,0.08368,0.073074,0.096186,0.0,0.0,0.0,0.003302,-0.00163,0.007355,0.414176,0.352509,0.469274,0.511023,0.443307,0.577326,0.0,0.0,0.0,1.013204,1.008119,1.01922,0.878524,0.869431,0.886621,0.165179,0.151717,0.179395,0.0,0.0,0.0,-0.013204,-0.018466,-0.008526,0.050709,0.033594,0.069443,0.04773,0.032965,0.06432,0.0,0.0,0.0,1.019957,1.014477,1.024247,0.891358,0.884751,0.899409,0.147034,0.134819,0.158006,0.0,0.0,0.0,-0.019957,-0.024332,-0.015722,0.149052,0.129772,0.167714,0.148676,0.12768,0.167579,0.0,0.0,0.0,1.015218,1.011077,1.019032,0.886797,0.876368,0.894984,0.168858,0.155167,0.184982,0.0,0.0,0.0,-0.015218,-0.019241,-0.010989,0.115053,0.093825,0.138539,0.022487,-0.004729,0.047793,0.0,0.0,0.0
complaint-heavy,5480000,base-stale,3,16,111596045.731927,101993733.330505,120076567.67276,-1537876.67787,-2265794.277932,-941985.448542,-0.014512,-0.020528,-0.009196,0.875126,0.867643,0.882164,0.170814,0.160212,0.182813,0.00067,0.000218,0.001133,540.625,515.529688,573.88125,0.062391,0.055549,0.068642,-2.147574,-3.213453,-1.330448,0.994796,0.990442,0.999099,0.927265,0.917272,0.935077,0.080402,0.069878,0.094659,0.000648,0.000319,0.001025,0.005204,0.000973,0.010013,0.417664,0.354364,0.472266,0.527542,0.464931,0.587257,0.012206,0.004274,0.021169,1.013071,1.007141,1.017187,0.881888,0.876082,0.887613,0.16073,0.150932,0.170485,0.00067,0.00024,0.001108,-0.013071,-0.018653,-0.00762,0.053564,0.032491,0.068454,0.057392,0.034314,0.073837,0.000227,-0.000162,0.000698,1.020622,1.015591,1.025132,0.891518,0.884493,0.897406,0.14805,0.138528,0.159033,0.000433,9.1e-05,0.000812,-0.020622,-0.025214,-0.014918,0.13046,0.097289,0.156954,0.131738,0.09982,0.161769,0.123322,-0.002469,0.31095,1.011661,1.007513,1.016066,0.888505,0.881457,0.896688,0.166081,0.153529,0.177271,0.000675,0.000289,0.001131,-0.011661,-0.015963,-0.007575,0.107665,0.072989,0.142146,0.026507,-0.008089,0.064545,-0.002742,-0.004823,-0.000703
complaint-heavy,5480000,base-stale,7,16,111133723.4359,102855523.077652,119032821.271563,-1075554.381843,-1930930.433525,-134126.462079,-0.010753,-0.016843,-0.003311,0.867672,0.858962,0.877241,0.178,0.163455,0.192011,0.005234,0.002941,0.007621,545.0,521.089062,575.515625,0.064448,0.058246,0.071484,-91.693056,-270.551002,-1.571365,0.990439,0.983186,0.996333,0.927238,0.915357,0.935747,0.077738,0.06727,0.092441,0.004214,0.002543,0.005835,0.009561,0.004363,0.016164,0.455038,0.406665,0.502549,0.567409,0.513905,0.618015,0.112468,0.042156,0.191633,1.011055,1.004303,1.016921,0.874012,0.864296,0.882781,0.169588,0.154583,0.184953,0.005118,0.003016,0.007264,-0.011055,-0.016844,-0.003361,0.048241,0.026612,0.073352,0.04905,0.025288,0.07438,0.014279,-0.000886,0.042146,1.019657,1.013304,1.024707,0.887395,0.880492,0.893285,0.152592,0.143209,0.163032,0.003927,0.00213,0.005848,-0.019657,-0.025149,-0.013681,0.14502,0.119463,0.172586,0.137689,0.111603,0.162593,0.20788,0.065296,0.358998,1.009413,1.003269,1.014677,0.881452,0.872999,0.890827,0.175126,0.161073,0.187597,0.005253,0.003034,0.007558,-0.009413,-0.014302,-0.003089,0.104957,0.079735,0.12723,0.01375,-0.023604,0.042141,-0.004155,-0.011352,0.001715
complaint-heavy,5480000,full-refresh,0,16,110058169.054057,101340889.372154,118930504.475979,0.0,0.0,0.0,0.0,0.0,0.0,1.0,1.0,1.0,0.0,0.0,0.0,0.0,0.0,0.0,553.25,527.675,577.403125,1.0,1.0,1.0,1.0,1.0,1.0,1.0,1.0,1.0,1.0,1.0,1.0,0.0,0.0,0.0,0.0,0.0,0.0,0.0,0.0,0.0,1.0,1.0,1.0,1.0,1.0,1.0,1.0,1.0,1.0,1.0,1.0,1.0,1.0,1.0,1.0,0.0,0.0,0.0,0.0,0.0,0.0,0.0,0.0,0.0,1.0,1.0,1.0,1.0,1.0,1.0,1.0,1.0,1.0,1.0,1.0,1.0,1.0,1.0,1.0,0.0,0.0,0.0,0.0,0.0,0.0,0.0,0.0,0.0,1.0,1.0,1.0,1.0,1.0,1.0,1.0,1.0,1.0,1.0,1.0,1.0,1.0,1.0,1.0,0.0,0.0,0.0,0.0,0.0,0.0,0.0,0.0,0.0,1.0,1.0,1.0,1.0,1.0,1.0,1.0,1.0,1.0
complaint-heavy,5480000,stronger-but-stale,3,16,115609400.585486,106206367.08942,123746811.83084,-5551231.531428,-6356666.440195,-4717330.550047,-0.049713,-0.055253,-0.043357,0.783889,0.758353,0.808315,0.310801,0.276697,0.345519,0.015583,0.010877,0.020597,508.0625,475.342188,545.253125,0.0,0.0,0.0,0.0,0.0,0.0,0.0,0.0,0.0,0.0,0.0,0.0,0.0,0.0,0.0,0.0,0.0,0.0,0.0,0.0,0.0,0.0,0.0,0.0,0.0,0.0,0.0,0.0,0.0,0.0,0.0,0.0,0.0,0.0,0.0,0.0,0.0,0.0,0.0,0.0,0.0,0.0,0.0,0.0,0.0,0.0,0.0,0.0,0.0,0.0,0.0,0.0,0.0,0.0,0.0,0.0,0.0,0.0,0.0,0.0,0.0,0.0,0.0,0.0,0.0,0.0,0.0,0.0,0.0,0.0,0.0,0.0,0.0,0.0,0.0,0.0,0.0,0.0,0.0,0.0,0.0,0.0,0.0,0.0,0.0,0.0,0.0,0.0,0.0,0.0,0.0,0.0,0.0,0.0,0.0,0.0,0.0,0.0,0.0,0.0,0.0,0.0
complaint-heavy,5480000,weaker-but-fresh,0,16,56445289.370944,54179412.736313,58507139.389318,53612879.683113,44873760.911996,63133706.86777,0.472233,0.42937,0.520446,0.757139,0.747444,0.767546,0.016507,0.012521,0.021967,0.0,0.0,0.0,1021.375,1002.75,1037.301563,0.0,0.0,0.0,0.0,0.0,0.0,0.0,0.0,0.0,0.0,0.0,0.0,0.0,0.0,0.0,0.0,0.0,0.0,0.0,0.0,0.0,0.0,0.0,0.0,0.0,0.0,0.0,0.0,0.0,0.0,0.0,0.0,0.0,0.0,0.0,0.0,0.0,0.0,0.0,0.0,0.0,0.0,0.0,0.0,0.0,0.0,0.0,0.0,0.0,0.0,0.0,0.0,0.0,0.0,0.0,0.0,0.0,0.0,0.0,0.0,0.0,0.0,0.0,0.0,0.0,0.0,0.0,0.0,0.0,0.0,0.0,0.0,0.0,0.0,0.0,0.0,0.0,0.0,0.0,0.0,0.0,0.0,0.0,0.0,0.0,0.0,0.0,0.0,0.0,0.0,0.0,0.0,0.0,0.0,0.0,0.0,0.0,0.0,0.0,0.0,0.0,0.0
complaint-heavy,7550000,base-stale,0,16,134569705.426043,122364235.943214,146323587.51981,0.0,0.0,0.0,0.0,0.0,0.0,1.0,1.0,1.0,0.0,0.0,0.0,0.0,0.0,0.0,802.625,755.717188,850.770312,0.017281,0.013082,0.021443,0.0,0.0,0.0,1.0,1.0,1.0,1.0,1.0,1.0,0.0,0.0,0.0,0.0,0.0,0.0,0.0,0.0,0.0,0.0,0.0,0.0,0.0,0.0,0.0,0.0,0.0,0.0,1.0,1.0,1.0,1.0,1.0,1.0,0.0,0.0,0.0,0.0,0.0,0.0,0.0,0.0,0.0,0.0,0.0,0.0,0.0,0.0,0.0,0.0,0.0,0.0,1.0,1.0,1.0,1.0,1.0,1.0,0.0,0.0,0.0,0.0,0.0,0.0,0.0,0.0,0.0,0.0,0.0,0.0,0.0,0.0,0.0,0.0,0.0,0.0,1.0,1.0,1.0,1.0,1.0,1.0,0.0,0.0,0.0,0.0,0.0,0.0,0.0,0.0,0.0,0.0,0.0,0.0,0.0,0.0,0.0,0.0,0.0,0.0
complaint-heavy,7550000,base-stale,1,16,136272482.65375,122212356.007669,148199386.567826,-1702777.227707,-2282678.577817,-1253644.351458,-0.01247,-0.01566,-0.009925,0.86135,0.849919,0.872698,0.197392,0.179219,0.21665,0.0,0.0,0.0,776.6875,730.2625,824.328125,0.062636,0.05527,0.070415,-1.331285,-1.595741,-1.059839,0.998152,0.995455,1.001105,0.916434,0.906865,0.925649,0.103349,0.090037,0.117554,0.0,0.0,0.0,0.001848,-0.001099,0.004759,0.399295,0.35587,0.441416,0.48005,0.432927,0.525023,0.0,0.0,0.0,1.011551,1.008425,1.015614,0.869208,0.859975,0.879744,0.185922,0.169588,0.200997,0.0,0.0,0.0,-0.011551,-0.014783,-0.008507,0.056042,0.041116,0.068984,0.056767,0.043184,0.069298,0.0,0.0,0.0,1.01555,1.012742,1.018929,0.872181,0.862024,0.882352,0.181682,0.167058,0.198231,0.0,0.0,0.0,-0.01555,-0.018816,-0.012924,0.078025,0.062988,0.09556,0.078969,0.062155,0.099645,0.0,0.0,0.0,1.010983,1.008472,1.013558,0.869345,0.857615,0.880873,0.195429,0.178802,0.212262,0.0,0.0,0.0,-0.010982,-0.013787,-0.008683,0.057857,0.032085,0.087029,0.006646,-0.018692,0.027471,0.0,0.0,0.0
complaint-heavy,7550000,base-stale,3,16,136010592.56998,125230949.429829,147872780.059207,-1440887.143937,-1907874.287102,-1048499.738975,-0.010311,-0.013554,-0.007031,0.862439,0.853694,0.872106,0.193917,0.180421,0.205821,0.000474,0.000163,0.000756,783.75,734.014063,843.232813,0.062391,0.055357,0.069227,-1.437031,-1.747255,-1.176194,0.995804,0.993941,0.998248,0.914116,0.904632,0.923178,0.103632,0.090622,0.116866,0.000454,0.000216,0.00075,0.004196,0.001918,0.006306,0.376483,0.327116,0.434255,0.465751,0.414429,0.527103,0.014788,0.005477,0.026943,1.009022,1.006458,1.012248,0.869265,0.86055,0.878748,0.183767,0.168506,0.196351,0.000474,0.000195,0.000783,-0.009022,-0.01171,-0.006239,0.049474,0.040276,0.059702,0.052027,0.043842,0.061344,-0.000123,-0.002297,0.00194,1.014448,1.011179,1.017615,0.873065,0.863938,0.882398,0.179934,0.166146,0.192366,0.000302,6.7e-05,0.000592,-0.014448,-0.017635,-0.011377,0.079954,0.060505,0.101781,0.074091,0.054407,0.095051,0.124236,-0.001252,0.311237,1.008435,1.005612,1.011953,0.8723,0.862754,0.882011,0.191119,0.177606,0.204016,0.000474,0.000175,0.000761,-0.008435,-0.011292,-0.005949,0.072367,0.051347,0.09668,0.013594,-0.000451,0.03045,0.000212,-0.002019,0.002858
complaint-heavy,7550000,base-stale,7,16,135580323.493853,122760145.063698,146036487.209479,-1010618.067811,-1510111.795944,-477081.999242,-0.007058,-0.010507,-0.003337,0.856271,0.848089,0.864285,0.201826,0.191564,0.212827,0.003534,0.002217,0.005157,790.3125,740.279688,843.982813,0.064448,0.058549,0.069969,-2.220878,-2.879567,-1.547113,0.991675,0.98798,0.994975,0.915238,0.902078,0.924806,0.100712,0.08636,0.118278,0.002884,0.001936,0.004063,0.008325,0.005083,0.012297,0.416555,0.37626,0.462351,0.507953,0.457941,0.560832,0.107591,0.039681,0.180816,1.006535,1.002581,1.010166,0.864837,0.854478,0.873904,0.189731,0.177519,0.203361,0.003448,0.002108,0.004982,-0.006535,-0.010105,-0.00327,0.059659,0.048492,0.067639,0.0603,0.04801,0.068881,0.062845,-0.001095,0.188064,1.010701,1.006902,1.014897,0.869525,0.861133,0.877595,0.183284,0.171877,0.194452,0.002642,0.00133,0.00393,-0.010701,-0.014489,-0.006508,0.09232,0.071768,0.113641,0.091744,0.068632,0.116748,0.206887,0.060841,0.378787,1.003755,1.000392,1.007039,0.867691,0.858579,0.876034,0.196868,0.185684,0.208657,0.003545,0.002273,0.005224,-0.003755,-0.006691,-0.000419,0.076526,0.052076,0.101534,0.022121,0.001528,0.039519,-0.001925,-0.007141,0.003586
complaint-heavy,7550000,full-refresh,0,16,134569705.426043,122470778.265638,146723539.000498,0.0,0.0,0.0,0.0,0.0,0.0,1.0,1.0,1.0,0.0,0.0,0.0,0.0,0.0,0.0,802.625,745.721875,856.429688,1.0,1.0,1.0,1.0,1.0,1.0,1.0,1.0,1.0,1.0,1.0,1.0,0.0,0.0,0.0,0.0,0.0,0.0,0.0,0.0,0.0,1.0,1.0,1.0,1.0,1.0,1.0,1.0,1.0,1.0,1.0,1.0,1.0,1.0,1.0,1.0,0.0,0.0,0.0,0.0,0.0,0.0,0.0,0.0,0.0,1.0,1.0,1.0,1.0,1.0,1.0,1.0,1.0,1.0,1.0,1.0,1.0,1.0,1.0,1.0,0.0,0.0,0.0,0.0,0.0,0.0,0.0,0.0,0.0,1.0,1.0,1.0,1.0,1.0,1.0,1.0,1.0,1.0,1.0,1.0,1.0,1.0,1.0,1.0,0.0,0.0,0.0,0.0,0.0,0.0,0.0,0.0,0.0,1.0,1.0,1.0,1.0,1.0,1.0,1.0,1.0,1.0
complaint-heavy,7550000,stronger-but-stale,3,16,140212179.776827,127387324.034628,152832243.495389,-5642474.350785,-6996622.014171,-4440738.491735,-0.039793,-0.046969,-0.03345,0.780369,0.759163,0.799411,0.321955,0.296446,0.350907,0.010786,0.006914,0.013829,735.5625,685.98125,804.223438,0.0,0.0,0.0,0.0,0.0,0.0,0.0,0.0,0.0,0.0,0.0,0.0,0.0,0.0,0.0,0.0,0.0,0.0,0.0,0.0,0.0,0.0,0.0,0.0,0.0,0.0,0.0,0.0,0.0,0.0,0.0,0.0,0.0,0.0,0.0,0.0,0.0,0.0,0.0,0.0,0.0,0.0,0.0,0.0,0.0,0.0,0.0,0.0,0.0,0.0,0.0,0.0,0.0,0.0,0.0,0.0,0.0,0.0,0.0,0.0,0.0,0.0,0.0,0.0,0.0,0.0,0.0,0.0,0.0,0.0,0.0,0.0,0.0,0.0,0.0,0.0,0.0,0.0,0.0,0.0,0.0,0.0,0.0,0.0,0.0,0.0,0.0,0.0,0.0,0.0,0.0,0.0,0.0,0.0,0.0,0.0,0.0,0.0,0.0,0.0,0.0,0.0
complaint-heavy,7550000,weaker-but-fresh,0,16,80937739.366181,77765844.617034,83798825.135891,53631966.059861,44822121.207046,63328074.797244,0.382782,0.342345,0.425221,0.766763,0.759462,0.774756,0.015594,0.011143,0.021994,0.0,0.0,0.0,1361.0,1338.339062,1387.7125,0.0,0.0,0.0,0.0,0.0,0.0,0.0,0.0,0.0,0.0,0.0,0.0,0.0,0.0,0.0,0.0,0.0,0.0,0.0,0.0,0.0,0.0,0.0,0.0,0.0,0.0,0.0,0.0,0.0,0.0,0.0,0.0,0.0,0.0,0.0,0.0,0.0,0.0,0.0,0.0,0.0,0.0,0.0,0.0,0.0,0.0,0.0,0.0,0.0,0.0,0.0,0.0,0.0,0.0,0.0,0.0,0.0,0.0,0.0,0.0,0.0,0.0,0.0,0.0,0.0,0.0,0.0,0.0,0.0,0.0,0.0,0.0,0.0,0.0,0.0,0.0,0.0,0.0,0.0,0.0,0.0,0.0,0.0,0.0,0.0,0.0,0.0,0.0,0.0,0.0,0.0,0.0,0.0,0.0,0.0,0.0,0.0,0.0,0.0,0.0,0.0,0.0
dormancy-heavy,2760000,base-stale,0,16,75516901.908702,70061549.11955,81296736.237501,0.0,0.0,0.0,0.0,0.0,0.0,1.0,1.0,1.0,0.0,0.0,0.0,0.0,0.0,0.0,264.0,239.514062,287.903125,0.014891,0.010474,0.019193,0.0,0.0,0.0,1.0,1.0,1.0,1.0,1.0,1.0,0.0,0.0,0.0,0.0,0.0,0.0,0.0,0.0,0.0,0.0,0.0,0.0,0.0,0.0,0.0,0.0,0.0,0.0,1.0,1.0,1.0,1.0,1.0,1.0,0.0,0.0,0.0,0.0,0.0,0.0,0.0,0.0,0.0,0.0,0.0,0.0,0.0,0.0,0.0,0.0,0.0,0.0,1.0,1.0,1.0,1.0,1.0,1.0,0.0,0.0,0.0,0.0,0.0,0.0,0.0,0.0,0.0,0.0,0.0,0.0,0.0,0.0,0.0,0.0,0.0,0.0,1.0,1.0,1.0,1.0,1.0,1.0,0.0,0.0,0.0,0.0,0.0,0.0,0.0,0.0,0.0,0.0,0.0,0.0,0.0,0.0,0.0,0.0,0.0,0.0
dormancy-heavy,2760000,base-stale,1,16,76671440.850421,70802531.223019,83143955.193648,-1154538.941719,-1879191.295734,-422681.308829,-0.017553,-0.029621,-0.006777,0.902246,0.891938,0.913056,0.140651,0.128096,0.154545,0.001134,0.000398,0.001945,258.625,235.74375,280.703125,0.053775,0.047231,0.060453,-1.74266,-3.729159,-0.558694,1.000048,0.99185,1.006226,0.93848,0.930892,0.945565,0.085439,0.071727,0.09809,0.001096,0.000388,0.001813,-4.8e-05,-0.00592,0.008815,0.354525,0.276089,0.42555,0.38451,0.297157,0.462461,0.010951,0.00203,0.020331,1.014966,1.00452,1.026146,0.908264,0.898191,0.920307,0.132081,0.114357,0.14674,0.001125,0.000371,0.00186,-0.014966,-0.025151,-0.004628,0.064209,0.031534,0.103549,0.066584,0.032581,0.109053,0.001819,-0.001032,0.007004,1.018585,1.011311,1.027135,0.941641,0.928166,0.954746,0.080929,0.06234,0.098392,0.000883,0.000194,0.001677,-0.018585,-0.0263,-0.010347,0.43049,0.335331,0.53134,0.44086,0.339969,0.56231,0.067432,0.002087,0.193157,1.017823,1.008907,1.028065,0.905487,0.896802,0.915973,0.14101,0.12636,0.15368,0.001123,0.000269,0.00204,-0.017823,-0.028286,-0.009599,0.025527,-0.03457,0.077916,-0.01389,-0.105161,0.053605,0.003004,0.0,0.006638
dormancy-heavy,2760000,base-stale,3,16,76398249.920163,70215408.01812,81823098.902413,-881348.011461,-1524525.037471,-270353.096013,-0.013198,-0.023044,-0.004038,0.8966,0.887781,0.908186,0.149105,0.132627,0.161597,0.004929,0.002995,0.007144,259.375,233.964063,283.295312,0.054583,0.048766,0.060737,-1.257178,-1.923697,-0.697159,0.996138,0.987474,1.002629,0.930198,0.920855,0.938214,0.096237,0.078134,0.122796,0.004219,0.002486,0.005984,0.003862,-0.003326,0.011136,0.298655,0.175675,0.389634,0.351926,0.226053,0.450394,0.062971,0.010574,0.130107,1.012112,1.003551,1.020054,0.903054,0.894978,0.913054,0.139152,0.124994,0.151084,0.004905,0.002731,0.007054,-0.012112,-0.020085,-0.003555,0.05811,0.03507,0.082001,0.063942,0.038925,0.091359,0.003099,0.000236,0.007361,1.016745,1.010278,1.023034,0.939181,0.924416,0.95294,0.083018,0.065223,0.101291,0.003849,0.001927,0.00566,-0.016745,-0.022446,-0.010244,0.427983,0.319743,0.541399,0.443082,0.320849,0.56514,0.111839,0.013369,0.271304,1.014547,1.005299,1.02207,0.903265,0.894149,0.913603,0.143661,0.127359,0.156603,0.004902,0.002827,0.007097,-0.014547,-0.021955,-0.003823,0.056745,0.005177,0.110827,0.024519,-0.029025,0.07947,0.002304,-0.007313,0.011661
dormancy-heavy,2760000,base-stale,7,16,76119761.732787,70693353.944748,80902200.071158,-602859.824085,-1411191.527735,343756.63766,-0.010495,-0.021869,0.001282,0.887016,0.877879,0.898641,0.161264,0.139537,0.181754,0.022592,0.014225,0.032061,262.375,242.871875,285.670312,0.059367,0.053535,0.065233,-10.778118,-30.178357,-0.830259,0.991739,0.984222,0.999497,0.926346,0.916015,0.934992,0.098043,0.081146,0.118226,0.018988,0.012452,0.025141,0.008261,0.00141,0.016129,0.343409,0.267298,0.429064,0.398395,0.312455,0.490487,0.071987,-0.004359,0.164913,1.011768,0.999625,1.02295,0.891558,0.881424,0.903158,0.157227,0.133027,0.185469,0.022186,0.014071,0.031212,-0.011768,-0.024915,-0.00074,0.036326,0.012812,0.06475,0.022769,-0.007447,0.055477,0.012781,-0.000468,0.033144,1.015568,1.007993,1.024155,0.940508,0.930842,0.950537,0.081014,0.0678,0.094282,0.017034,0.010712,0.024425,-0.015568,-0.023104,-0.007936,0.471829,0.391988,0.545858,0.48184,0.386729,0.571962,0.213647,0.083424,0.36528,1.00953,0.999057,1.017989,0.892389,0.880741,0.904268,0.161841,0.136604,0.187507,0.022557,0.014702,0.030564,-0.00953,-0.019396,0.001202,0.044433,-0.008954,0.101032,-0.008146,-0.055583,0.033292,-0.002191,-0.011984,0.008076
dormancy-heavy,2760000,full-refresh,0,16,75516901.908702,69183439.890827,81416570.493824,0.0,0.0,0.0,0.0,0.0,0.0,1.0,1.0,1.0,0.0,0.0,0.0,0.0,0.0,0.0,264.0,235.592187,291.795312,1.0,1.0,1.0,1.0,1.0,1.0,1.0,1.0,1.0,1.0,1.0,1.0,0.0,0.0,0.0,0.0,0.0,0.0,0.0,0.0,0.0,1.0,1.0,1.0,1.0,1.0,1.0,1.0,1.0,1.0,1.0,1.0,1.0,1.0,1.0,1.0,0.0,0.0,0.0,0.0,0.0,0.0,0.0,0.0,0.0,1.0,1.0,1.0,1.0,1.0,1.0,1.0,1.0,1.0,1.0,1.0,1.0,1.0,1.0,1.0,0.0,0.0,0.0,0.0,0.0,0.0,0.0,0.0,0.0,1.0,1.0,1.0,1.0,1.0,1.0,1.0,1.0,1.0,1.0,1.0,1.0,1.0,1.0,1.0,0.0,0.0,0.0,0.0,0.0,0.0,0.0,0.0,0.0,1.0,1.0,1.0,1.0,1.0,1.0,1.0,1.0,1.0
dormancy-heavy,2760000,stronger-but-stale,3,16,77618059.649192,71874630.415634,84269945.07584,-2101157.740491,-2948887.784461,-1314795.010703,-0.029839,-0.041033,-0.017347,0.811723,0.788385,0.839102,0.280502,0.228008,0.321733,0.058357,0.035819,0.079275,259.6875,232.384375,285.157812,0.0,0.0,0.0,0.0,0.0,0.0,0.0,0.0,0.0,0.0,0.0,0.0,0.0,0.0,0.0,0.0,0.0,0.0,0.0,0.0,0.0,0.0,0.0,0.0,0.0,0.0,0.0,0.0,0.0,0.0,0.0,0.0,0.0,0.0,0.0,0.0,0.0,0.0,0.0,0.0,0.0,0.0,0.0,0.0,0.0,0.0,0.0,0.0,0.0,0.0,0.0,0.0,0.0,0.0,0.0,0.0,0.0,0.0,0.0,0.0,0.0,0.0,0.0,0.0,0.0,0.0,0.0,0.0,0.0,0.0,0.0,0.0,0.0,0.0,0.0,0.0,0.0,0.0,0.0,0.0,0.0,0.0,0.0,0.0,0.0,0.0,0.0,0.0,0.0,0.0,0.0,0.0,0.0,0.0,0.0,0.0,0.0,0.0,0.0,0.0,0.0,0.0
dormancy-heavy,2760000,weaker-but-fresh,0,16,29648476.152364,26770112.232283,32123410.984216,45868425.756337,38534220.349979,53350389.534147,0.591371,0.531266,0.638261,0.715782,0.669271,0.758969,0.059577,0.038974,0.085793,0.0,0.0,0.0,548.875,531.553125,567.548437,0.0,0.0,0.0,0.0,0.0,0.0,0.0,0.0,0.0,0.0,0.0,0.0,0.0,0.0,0.0,0.0,0.0,0.0,0.0,0.0,0.0,0.0,0.0,0.0,0.0,0.0,0.0,0.0,0.0,0.0,0.0,0.0,0.0,0.0,0.0,0.0,0.0,0.0,0.0,0.0,0.0,0.0,0.0,0.0,0.0,0.0,0.0,0.0,0.0,0.0,0.0,0.0,0.0,0.0,0.0,0.0,0.0,0.0,0.0,0.0,0.0,0.0,0.0,0.0,0.0,0.0,0.0,0.0,0.0,0.0,0.0,0.0,0.0,0.0,0.0,0.0,0.0,0.0,0.0,0.0,0.0,0.0,0.0,0.0,0.0,0.0,0.0,0.0,0.0,0.0,0.0,0.0,0.0,0.0,0.0,0.0,0.0,0.0,0.0,0.0,0.0,0.0
dormancy-heavy,5480000,base-stale,0,16,121675044.271655,110856202.711832,129888379.031823,0.0,0.0,0.0,0.0,0.0,0.0,1.0,1.0,1.0,0.0,0.0,0.0,0.0,0.0,0.0,559.6875,526.6625,593.809375,0.014891,0.010698,0.018983,0.0,0.0,0.0,1.0,1.0,1.0,1.0,1.0,1.0,0.0,0.0,0.0,0.0,0.0,0.0,0.0,0.0,0.0,0.0,0.0,0.0,0.0,0.0,0.0,0.0,0.0,0.0,1.0,1.0,1.0,1.0,1.0,1.0,0.0,0.0,0.0,0.0,0.0,0.0,0.0,0.0,0.0,0.0,0.0,0.0,0.0,0.0,0.0,0.0,0.0,0.0,1.0,1.0,1.0,1.0,1.0,1.0,0.0,0.0,0.0,0.0,0.0,0.0,0.0,0.0,0.0,0.0,0.0,0.0,0.0,0.0,0.0,0.0,0.0,0.0,1.0,1.0,1.0,1.0,1.0,1.0,0.0,0.0,0.0,0.0,0.0,0.0,0.0,0.0,0.0,0.0,0.0,0.0,0.0,0.0,0.0,0.0,0.0,0.0
dormancy-heavy,5480000,base-stale,1,16,123443409.510555,114111087.212266,132039177.451291,-1768365.2389,-2193729.959075,-1353189.565132,-0.014804,-0.018082,-0.011638,0.874913,0.867319,0.882793,0.187526,0.176416,0.198187,0.000551,0.000182,0.000945,540.75,507.964063,580.109375,0.053775,0.047816,0.059766,-2.317979,-3.731602,-1.313526,0.994522,0.99165,0.997292,0.935413,0.929639,0.94142,0.084006,0.075752,0.092697,0.000531,0.000171,0.000932,0.005478,0.002273,0.008599,0.480447,0.438109,0.532022,0.549589,0.507694,0.598136,0.010923,0.003033,0.018892,1.013219,1.0104,1.015805,0.882066,0.872752,0.889612,0.176227,0.163187,0.189254,0.000551,0.000124,0.000961,-0.013219,-0.015995,-0.010056,0.057913,0.04447,0.069316,0.061175,0.047775,0.073288,0.000294,-0.000239,0.000893,1.018795,1.015725,1.022011,0.885322,0.875532,0.89386,0.171671,0.159354,0.184596,0.000432,9.7e-05,0.00084,-0.018795,-0.021741,-0.015687,0.084213,0.060617,0.108907,0.085229,0.063217,0.10891,0.060731,-0.003556,0.187093,1.013963,1.011051,1.016725,0.879378,0.871193,0.88698,0.183883,0.173278,0.194856,0.000549,0.000186,0.001057,-0.013963,-0.016848,-0.010847,0.034249,0.012457,0.053101,0.017918,-0.001687,0.038124,0.001388,-0.001506,0.005358
dormancy-heavy,5480000,base-stale,3,16,123170623.281453,114175560.013881,132077639.840386,-1495579.009799,-1935173.168979,-1112850.430805,-0.012404,-0.015957,-0.009123,0.870921,0.863435,0.87841,0.19009,0.179375,0.200612,0.002457,0.001416,0.003549,542.0625,505.529688,581.254687,0.054583,0.049236,0.059588,-4.504328,-8.905452,-1.459808,0.99285,0.989696,0.995683,0.932276,0.925934,0.939945,0.084945,0.074013,0.095509,0.002072,0.001153,0.003001,0.00715,0.003473,0.010611,0.472031,0.419915,0.521473,0.551214,0.496344,0.602639,0.072636,0.019464,0.131548,1.011213,1.008283,1.01421,0.877103,0.868543,0.883395,0.179912,0.171079,0.192072,0.002458,0.001406,0.003539,-0.011213,-0.014636,-0.007848,0.046887,0.028365,0.06726,0.052207,0.035626,0.071909,-3e-06,-0.002155,0.002191,1.019153,1.015334,1.023202,0.883144,0.874683,0.891506,0.173464,0.161039,0.185115,0.001924,0.001106,0.002734,-0.019153,-0.022709,-0.015302,0.094437,0.062959,0.122511,0.086665,0.056541,0.115894,0.104237,-0.005507,0.263103,1.010336,1.007096,1.013861,0.879064,0.871837,0.886457,0.183614,0.172186,0.193954,0.002448,0.001337,0.003483,-0.010336,-0.014138,-0.007099,0.062143,0.039515,0.086391,0.033317,0.015699,0.051397,0.000784,-0.00522,0.005598
dormancy-heavy,5480000,base-stale,7,16,123137415.951543,112601933.932392,132260806.298286,-1462371.679888,-1956906.207949,-858006.576941,-0.012467,-0.01684,-0.007825,0.862893,0.856667,0.869613,0.199304,0.189666,0.208163,0.01123,0.006785,0.015655,547.0,516.245312,584.035938,0.059367,0.053496,0.065309,-2.066839,-3.098338,-1.3716,0.990919,0.986527,0.99448,0.931769,0.925257,0.938252,0.082172,0.073762,0.090798,0.009251,0.006121,0.012929,0.009081,0.005605,0.013321,0.499521,0.449038,0.549165,0.586182,0.53643,0.627585,0.092566,0.014128,0.187853,1.011675,1.00691,1.01545,0.869755,0.862902,0.876118,0.189306,0.1808,0.199137,0.010775,0.006217,0.015194,-0.011675,-0.015949,-0.006427,0.048768,0.035712,0.063584,0.0488,0.035506,0.063107,0.037983,0.006378,0.082993,1.019534,1.013653,1.023478,0.878357,0.871044,0.886451,0.178337,0.166865,0.188723,0.00862,0.005108,0.011767,-0.019534,-0.023655,-0.015178,0.112958,0.078044,0.152154,0.104837,0.071991,0.142144,0.203343,0.061105,0.361177,1.009904,1.005551,1.014474,0.872311,0.865512,0.87938,0.19359,0.182413,0.203211,0.011208,0.006855,0.015402,-0.009904,-0.013801,-0.004816,0.068735,0.05358,0.079729,0.028715,0.015745,0.0404,0.001589,-0.002126,0.005179
dormancy-heavy,5480000,full-refresh,0,16,121675044.271655,111365104.597458,131407366.686456,0.0,0.0,0.0,0.0,0.0,0.0,1.0,1.0,1.0,0.0,0.0,0.0,0.0,0.0,0.0,559.6875,524.328125,596.88125,1.0,1.0,1.0,1.0,1.0,1.0,1.0,1.0,1.0,1.0,1.0,1.0,0.0,0.0,0.0,0.0,0.0,0.0,0.0,0.0,0.0,1.0,1.0,1.0,1.0,1.0,1.0,1.0,1.0,1.0,1.0,1.0,1.0,1.0,1.0,1.0,0.0,0.0,0.0,0.0,0.0,0.0,0.0,0.0,0.0,1.0,1.0,1.0,1.0,1.0,1.0,1.0,1.0,1.0,1.0,1.0,1.0,1.0,1.0,1.0,0.0,0.0,0.0,0.0,0.0,0.0,0.0,0.0,0.0,1.0,1.0,1.0,1.0,1.0,1.0,1.0,1.0,1.0,1.0,1.0,1.0,1.0,1.0,1.0,0.0,0.0,0.0,0.0,0.0,0.0,0.0,0.0,0.0,1.0,1.0,1.0,1.0,1.0,1.0,1.0,1.0,1.0
dormancy-heavy,5480000,stronger-but-stale,3,16,127815303.99938,117690099.883458,136675563.786681,-6140259.727725,-6885750.172829,-5467222.049433,-0.050143,-0.054477,-0.045705,0.782601,0.759337,0.804992,0.325948,0.294361,0.358045,0.03016,0.020573,0.040758,515.125,479.171875,551.4375,0.0,0.0,0.0,0.0,0.0,0.0,0.0,0.0,0.0,0.0,0.0,0.0,0.0,0.0,0.0,0.0,0.0,0.0,0.0,0.0,0.0,0.0,0.0,0.0,0.0,0.0,0.0,0.0,0.0,0.0,0.0,0.0,0.0,0.0,0.0,0.0,0.0,0.0,0.0,0.0,0.0,0.0,0.0,0.0,0.0,0.0,0.0,0.0,0.0,0.0,0.0,0.0,0.0,0.0,0.0,0.0,0.0,0.0,0.0,0.0,0.0,0.0,0.0,0.0,0.0,0.0,0.0,0.0,0.0,0.0,0.0,0.0,0.0,0.0,0.0,0.0,0.0,0.0,0.0,0.0,0.0,0.0,0.0,0.0,0.0,0.0,0.0,0.0,0.0,0.0,0.0,0.0,0.0,0.0,0.0,0.0,0.0,0.0,0.0,0.0,0.0,0.0
dormancy-heavy,5480000,weaker-but-fresh,0,16,65283475.344372,62824662.512637,67775842.4763,56391568.927283,46533983.089423,64745444.887879,0.452812,0.417939,0.490094,0.747911,0.738317,0.756516,0.02084,0.016116,0.02643,0.0,0.0,0.0,1016.6875,996.339062,1035.860937,0.0,0.0,0.0,0.0,0.0,0.0,0.0,0.0,0.0,0.0,0.0,0.0,0.0,0.0,0.0,0.0,0.0,0.0,0.0,0.0,0.0,0.0,0.0,0.0,0.0,0.0,0.0,0.0,0.0,0.0,0.0,0.0,0.0,0.0,0.0,0.0,0.0,0.0,0.0,0.0,0.0,0.0,0.0,0.0,0.0,0.0,0.0,0.0,0.0,0.0,0.0,0.0,0.0,0.0,0.0,0.0,0.0,0.0,0.0,0.0,0.0,0.0,0.0,0.0,0.0,0.0,0.0,0.0,0.0,0.0,0.0,0.0,0.0,0.0,0.0,0.0,0.0,0.0,0.0,0.0,0.0,0.0,0.0,0.0,0.0,0.0,0.0,0.0,0.0,0.0,0.0,0.0,0.0,0.0,0.0,0.0,0.0,0.0,0.0,0.0,0.0,0.0
dormancy-heavy,7550000,base-stale,0,16,149455745.537504,136595112.574027,160860567.725152,0.0,0.0,0.0,0.0,0.0,0.0,1.0,1.0,1.0,0.0,0.0,0.0,0.0,0.0,0.0,813.75,762.290625,869.720312,0.014891,0.010741,0.018797,0.0,0.0,0.0,1.0,1.0,1.0,1.0,1.0,1.0,0.0,0.0,0.0,0.0,0.0,0.0,0.0,0.0,0.0,0.0,0.0,0.0,0.0,0.0,0.0,0.0,0.0,0.0,1.0,1.0,1.0,1.0,1.0,1.0,0.0,0.0,0.0,0.0,0.0,0.0,0.0,0.0,0.0,0.0,0.0,0.0,0.0,0.0,0.0,0.0,0.0,0.0,1.0,1.0,1.0,1.0,1.0,1.0,0.0,0.0,0.0,0.0,0.0,0.0,0.0,0.0,0.0,0.0,0.0,0.0,0.0,0.0,0.0,0.0,0.0,0.0,1.0,1.0,1.0,1.0,1.0,1.0,0.0,0.0,0.0,0.0,0.0,0.0,0.0,0.0,0.0,0.0,0.0,0.0,0.0,0.0,0.0,0.0,0.0,0.0
dormancy-heavy,7550000,base-stale,1,16,151382425.366522,137975128.139686,164781325.498678,-1926679.829018,-2407092.731215,-1449794.775044,-0.012664,-0.015222,-0.009901,0.871534,0.865977,0.87677,0.197646,0.188865,0.20607,0.000383,0.000101,0.000654,794.375,744.4375,856.403125,0.053775,0.047557,0.058758,-1.358175,-1.683912,-1.094551,0.997514,0.995307,0.999658,0.928559,0.918256,0.938169,0.100023,0.08495,0.116762,0.000367,0.000139,0.000637,0.002486,0.000107,0.004553,0.449482,0.381945,0.505003,0.498489,0.428291,0.558922,0.012254,0.003102,0.023302,1.012186,1.009527,1.014664,0.878589,0.872825,0.884198,0.186998,0.177429,0.196481,0.000382,0.000127,0.000666,-0.012186,-0.014698,-0.00988,0.054662,0.042364,0.068856,0.053291,0.041134,0.067019,0.000644,0.0,0.001797,1.015853,1.013126,1.019063,0.876222,0.870509,0.882146,0.190687,0.180365,0.200484,0.000299,5.8e-05,0.000545,-0.015853,-0.01828,-0.013044,0.037267,0.028218,0.047849,0.035993,0.02588,0.046714,0.061864,-0.00142,0.18759,1.011463,1.009698,1.013659,0.872907,0.867088,0.878781,0.197747,0.187823,0.207227,0.000385,0.000146,0.000726,-0.011463,-0.013357,-0.00984,0.01094,-0.009781,0.028678,-0.000394,-0.018832,0.014119,-0.00137,-0.004094,0.000709
dormancy-heavy,7550000,base-stale,3,16,151296340.915674,136576500.044516,162380961.608484,-1840595.37817,-2272285.432567,-1281812.184063,-0.011744,-0.014675,-0.008823,0.87108,0.864638,0.876876,0.196574,0.1858,0.206093,0.00165,0.000972,0.002397,799.0,747.240625,857.629687,0.054583,0.048804,0.060692,-1.623026,-2.023519,-1.325694,0.995584,0.99402,0.997116,0.928303,0.915064,0.937665,0.097349,0.083104,0.116646,0.001413,0.000884,0.002027,0.004416,0.002939,0.006172,0.446301,0.377617,0.507588,0.506374,0.431974,0.571504,0.066657,0.019308,0.141926,1.011049,1.008136,1.014151,0.877532,0.871955,0.883312,0.187016,0.177512,0.196007,0.00165,0.000964,0.002361,-0.011049,-0.014344,-0.007828,0.049607,0.038448,0.061105,0.047821,0.037172,0.05851,0.000366,-0.001553,0.002546,1.015249,1.011016,1.0189,0.876388,0.870753,0.881933,0.189145,0.180609,0.197038,0.001292,0.000742,0.001892,-0.015249,-0.019027,-0.011389,0.040652,0.029977,0.05179,0.037109,0.025519,0.048391,0.106948,0.012768,0.240621,1.010873,1.00725,1.013647,0.87325,0.867335,0.879114,0.197016,0.187994,0.205893,0.001658,0.000971,0.00246,-0.010873,-0.014022,-0.007924,0.015817,-0.007526,0.03487,-0.003109,-0.024426,0.015218,-0.002458,-0.007293,0.002187
dormancy-heavy,7550000,base-stale,7,16,151077723.022683,137364011.280531,163581802.344431,-1621977.485179,-2080120.073513,-1081117.166104,-0.010436,-0.013306,-0.007387,0.860358,0.852907,0.867107,0.211248,0.200371,0.222439,0.007602,0.004508,0.010635,803.25,755.475,866.9,0.059367,0.054042,0.065315,-1.919569,-2.960673,-1.308796,0.993096,0.990015,0.99557,0.925643,0.915452,0.93575,0.096893,0.082922,0.111209,0.00635,0.003803,0.008636,0.006904,0.004683,0.009224,0.475056,0.408583,0.529814,0.54731,0.477337,0.606117,0.086611,0.017629,0.178535,1.010208,1.007157,1.013055,0.866763,0.85901,0.874446,0.201098,0.190766,0.212079,0.007472,0.004698,0.010676,-0.010208,-0.013287,-0.006884,0.045037,0.036015,0.05468,0.046951,0.03636,0.057539,0.00654,-0.000201,0.019675,1.015018,1.011408,1.018787,0.868766,0.860835,0.876959,0.199073,0.187776,0.210679,0.005781,0.003594,0.007938,-0.015018,-0.018833,-0.011137,0.061277,0.046012,0.077864,0.057806,0.040261,0.076941,0.208004,0.075321,0.372235,1.008759,1.005834,1.011493,0.86452,0.855291,0.871209,0.209931,0.199858,0.221273,0.007618,0.004968,0.010087,-0.008759,-0.011616,-0.005624,0.02864,0.008463,0.048389,0.004692,-0.015626,0.023219,-0.000788,-0.005956,0.004441
dormancy-heavy,7550000,full-refresh,0,16,149455745.537504,136093754.87537,162705790.909342,0.0,0.0,0.0,0.0,0.0,0.0,1.0,1.0,1.0,0.0,0.0,0.0,0.0,0.0,0.0,813.75,765.326563,871.401562,1.0,1.0,1.0,1.0,1.0,1.0,1.0,1.0,1.0,1.0,1.0,1.0,0.0,0.0,0.0,0.0,0.0,0.0,0.0,0.0,0.0,1.0,1.0,1.0,1.0,1.0,1.0,1.0,1.0,1.0,1.0,1.0,1.0,1.0,1.0,1.0,0.0,0.0,0.0,0.0,0.0,0.0,0.0,0.0,0.0,1.0,1.0,1.0,1.0,1.0,1.0,1.0,1.0,1.0,1.0,1.0,1.0,1.0,1.0,1.0,0.0,0.0,0.0,0.0,0.0,0.0,0.0,0.0,0.0,1.0,1.0,1.0,1.0,1.0,1.0,1.0,1.0,1.0,1.0,1.0,1.0,1.0,1.0,1.0,0.0,0.0,0.0,0.0,0.0,0.0,0.0,0.0,0.0,1.0,1.0,1.0,1.0,1.0,1.0,1.0,1.0,1.0
dormancy-heavy,7550000,stronger-but-stale,3,16,156197755.369698,140135616.356318,168063830.613403,-6742009.832194,-7937488.852906,-5324174.764032,-0.043126,-0.049925,-0.036698,0.787167,0.768755,0.804932,0.328024,0.301812,0.355128,0.020547,0.01445,0.027875,754.5,697.79375,808.5875,0.0,0.0,0.0,0.0,0.0,0.0,0.0,0.0,0.0,0.0,0.0,0.0,0.0,0.0,0.0,0.0,0.0,0.0,0.0,0.0,0.0,0.0,0.0,0.0,0.0,0.0,0.0,0.0,0.0,0.0,0.0,0.0,0.0,0.0,0.0,0.0,0.0,0.0,0.0,0.0,0.0,0.0,0.0,0.0,0.0,0.0,0.0,0.0,0.0,0.0,0.0,0.0,0.0,0.0,0.0,0.0,0.0,0.0,0.0,0.0,0.0,0.0,0.0,0.0,0.0,0.0,0.0,0.0,0.0,0.0,0.0,0.0,0.0,0.0,0.0,0.0,0.0,0.0,0.0,0.0,0.0,0.0,0.0,0.0,0.0,0.0,0.0,0.0,0.0,0.0,0.0,0.0,0.0,0.0,0.0,0.0,0.0,0.0,0.0,0.0,0.0,0.0
dormancy-heavy,7550000,weaker-but-fresh,0,16,89769533.431717,86395156.104786,93356630.528701,59686212.105787,51075936.948907,69627029.805763,0.386078,0.351549,0.420604,0.749251,0.740484,0.758787,0.016552,0.011909,0.02179,0.0,0.0,0.0,1364.0,1340.121875,1388.601562,0.0,0.0,0.0,0.0,0.0,0.0,0.0,0.0,0.0,0.0,0.0,0.0,0.0,0.0,0.0,0.0,0.0,0.0,0.0,0.0,0.0,0.0,0.0,0.0,0.0,0.0,0.0,0.0,0.0,0.0,0.0,0.0,0.0,0.0,0.0,0.0,0.0,0.0,0.0,0.0,0.0,0.0,0.0,0.0,0.0,0.0,0.0,0.0,0.0,0.0,0.0,0.0,0.0,0.0,0.0,0.0,0.0,0.0,0.0,0.0,0.0,0.0,0.0,0.0,0.0,0.0,0.0,0.0,0.0,0.0,0.0,0.0,0.0,0.0,0.0,0.0,0.0,0.0,0.0,0.0,0.0,0.0,0.0,0.0,0.0,0.0,0.0,0.0,0.0,0.0,0.0,0.0,0.0,0.0,0.0,0.0,0.0,0.0,0.0,0.0,0.0,0.0
promotion-heavy,2760000,base-stale,0,16,86194097.424684,78874382.793084,93603723.160499,0.0,0.0,0.0,0.0,0.0,0.0,1.0,1.0,1.0,0.0,0.0,0.0,0.0,0.0,0.0,256.9375,234.514062,286.498437,0.014765,0.010908,0.018929,0.0,0.0,0.0,1.0,1.0,1.0,1.0,1.0,1.0,0.0,0.0,0.0,0.0,0.0,0.0,0.0,0.0,0.0,0.0,0.0,0.0,0.0,0.0,0.0,0.0,0.0,0.0,1.0,1.0,1.0,1.0,1.0,1.0,0.0,0.0,0.0,0.0,0.0,0.0,0.0,0.0,0.0,0.0,0.0,0.0,0.0,0.0,0.0,0.0,0.0,0.0,1.0,1.0,1.0,1.0,1.0,1.0,0.0,0.0,0.0,0.0,0.0,0.0,0.0,0.0,0.0,0.0,0.0,0.0,0.0,0.0,0.0,0.0,0.0,0.0,1.0,1.0,1.0,1.0,1.0,1.0,0.0,0.0,0.0,0.0,0.0,0.0,0.0,0.0,0.0,0.0,0.0,0.0,0.0,0.0,0.0,0.0,0.0,0.0
promotion-heavy,2760000,base-stale,1,16,87195585.661558,79955772.776423,95131537.293181,-1001488.236874,-1933626.879159,179093.737013,-0.013931,-0.025715,-0.001721,0.891854,0.876718,0.906557,0.150201,0.123427,0.177702,0.0,0.0,0.0,251.8125,227.49375,274.284375,0.057263,0.050586,0.063037,-0.683504,-1.096689,-0.344048,1.002718,0.989316,1.013065,0.914625,0.897541,0.928121,0.111952,0.085663,0.140289,0.0,0.0,0.0,-0.002718,-0.012697,0.006729,0.198127,0.112123,0.275755,0.2473,0.156024,0.338918,0.0,0.0,0.0,1.014978,1.004465,1.025916,0.893229,0.873518,0.911644,0.150335,0.118278,0.187558,0.0,0.0,0.0,-0.014978,-0.024706,-0.002053,0.026466,-0.030933,0.078588,0.025456,-0.038266,0.089515,0.0,0.0,0.0,1.012601,1.007794,1.019034,0.954164,0.946057,0.96224,0.053967,0.039429,0.069427,0.0,0.0,0.0,-0.012601,-0.018845,-0.006888,0.558817,0.484976,0.620238,0.638251,0.5693,0.695593,0.0,0.0,0.0,1.009528,0.995643,1.02259,0.913309,0.898906,0.926983,0.127438,0.106584,0.148074,0.0,0.0,0.0,-0.009528,-0.022584,0.002233,0.176476,0.079867,0.26885,0.111721,0.008541,0.201997,0.0,0.0,0.0
promotion-heavy,2760000,base-stale,3,16,86820031.769749,79165859.918496,94050174.264081,-625934.345066,-1587100.942214,479583.37165,-0.00916,-0.020389,0.001532,0.897608,0.88229,0.913268,0.138276,0.111517,0.169776,0.0,0.0,0.0,255.1875,227.885938,277.754687,0.057146,0.051435,0.063201,-0.453205,-0.692713,-0.272402,1.000025,0.987037,1.008537,0.920034,0.901922,0.938553,0.101447,0.073431,0.130927,0.0,0.0,0.0,-2.5e-05,-0.009038,0.009591,0.23006,0.15893,0.314279,0.282596,0.201838,0.375494,0.0,0.0,0.0,1.007216,0.994885,1.016575,0.905039,0.888891,0.919955,0.12768,0.100803,0.159168,0.0,0.0,0.0,-0.007216,-0.017131,0.003276,0.082818,0.038163,0.132079,0.09558,0.034293,0.160542,0.0,0.0,0.0,1.010974,1.005647,1.015986,0.957617,0.945366,0.967178,0.045388,0.029826,0.065954,0.0,0.0,0.0,-0.010974,-0.015762,-0.006096,0.592088,0.501488,0.653423,0.693833,0.578581,0.786695,0.0,0.0,0.0,1.004674,0.993268,1.014852,0.916755,0.903216,0.930549,0.123549,0.103844,0.143405,0.0,0.0,0.0,-0.004674,-0.015265,0.006933,0.17454,0.103255,0.245031,0.062387,-0.054376,0.159434,0.0,0.0,0.0
promotion-heavy,2760000,base-stale,7,16,86598744.218583,79256370.567402,93513215.576114,-404646.7939,-1263867.985982,482531.016015,-0.006874,-0.017121,0.003492,0.891191,0.874628,0.905283,0.150184,0.119565,0.18709,0.005615,0.003522,0.007801,256.6875,235.478125,277.4375,0.058709,0.053187,0.064585,-1.328061,-2.522193,-0.56238,0.994253,0.985028,1.002721,0.918885,0.900022,0.935352,0.104993,0.072552,0.150559,0.005106,0.003231,0.006947,0.005747,-0.00193,0.014508,0.26676,0.205137,0.334737,0.336243,0.260991,0.411223,0.041523,0.005321,0.091375,1.007802,0.996866,1.018318,0.894348,0.876174,0.911114,0.147161,0.114079,0.18807,0.005605,0.0035,0.007888,-0.007802,-0.017588,0.002999,0.030296,0.001567,0.053539,0.019813,-0.01453,0.049499,5e-05,-0.004828,0.004088,1.008202,1.002854,1.013752,0.95627,0.946289,0.96524,0.047516,0.031254,0.068347,0.004644,0.002362,0.006603,-0.008202,-0.013946,-0.001925,0.59439,0.516764,0.65303,0.67895,0.571875,0.762124,0.10549,0.010587,0.225164,1.002964,0.990995,1.013432,0.906807,0.890465,0.92103,0.141968,0.112279,0.177423,0.005603,0.003235,0.007833,-0.002964,-0.014581,0.007329,0.141304,0.080317,0.207279,0.035202,-0.041124,0.10519,-0.000287,-0.008604,0.006956
promotion-heavy,2760000,full-refresh,0,16,86194097.424684,79244923.45685,94290291.869186,0.0,0.0,0.0,0.0,0.0,0.0,1.0,1.0,1.0,0.0,0.0,0.0,0.0,0.0,0.0,256.9375,232.0625,279.065625,1.0,1.0,1.0,1.0,1.0,1.0,1.0,1.0,1.0,1.0,1.0,1.0,0.0,0.0,0.0,0.0,0.0,0.0,0.0,0.0,0.0,1.0,1.0,1.0,1.0,1.0,1.0,1.0,1.0,1.0,1.0,1.0,1.0,1.0,1.0,1.0,0.0,0.0,0.0,0.0,0.0,0.0,0.0,0.0,0.0,1.0,1.0,1.0,1.0,1.0,1.0,1.0,1.0,1.0,1.0,1.0,1.0,1.0,1.0,1.0,0.0,0.0,0.0,0.0,0.0,0.0,0.0,0.0,0.0,1.0,1.0,1.0,1.0,1.0,1.0,1.0,1.0,1.0,1.0,1.0,1.0,1.0,1.0,1.0,0.0,0.0,0.0,0.0,0.0,0.0,0.0,0.0,0.0,1.0,1.0,1.0,1.0,1.0,1.0,1.0,1.0,1.0
promotion-heavy,2760000,stronger-but-stale,3,16,87004358.401925,79884570.48525,94323602.227824,-810260.977241,-1888101.316455,343662.279196,-0.011201,-0.022208,0.00064,0.82825,0.796114,0.85893,0.246914,0.185634,0.313916,0.013838,0.007623,0.019196,261.625,237.040625,287.903125,0.0,0.0,0.0,0.0,0.0,0.0,0.0,0.0,0.0,0.0,0.0,0.0,0.0,0.0,0.0,0.0,0.0,0.0,0.0,0.0,0.0,0.0,0.0,0.0,0.0,0.0,0.0,0.0,0.0,0.0,0.0,0.0,0.0,0.0,0.0,0.0,0.0,0.0,0.0,0.0,0.0,0.0,0.0,0.0,0.0,0.0,0.0,0.0,0.0,0.0,0.0,0.0,0.0,0.0,0.0,0.0,0.0,0.0,0.0,0.0,0.0,0.0,0.0,0.0,0.0,0.0,0.0,0.0,0.0,0.0,0.0,0.0,0.0,0.0,0.0,0.0,0.0,0.0,0.0,0.0,0.0,0.0,0.0,0.0,0.0,0.0,0.0,0.0,0.0,0.0,0.0,0.0,0.0,0.0,0.0,0.0,0.0,0.0,0.0,0.0,0.0,0.0
promotion-heavy,2760000,weaker-but-fresh,0,16,34181373.981582,31149167.105719,36675240.789949,52012723.443102,44010345.385775,60416453.112945,0.586542,0.538418,0.646402,0.700002,0.641222,0.745569,0.084135,0.046202,0.131293,0.0,0.0,0.0,520.8125,507.132812,536.2,0.0,0.0,0.0,0.0,0.0,0.0,0.0,0.0,0.0,0.0,0.0,0.0,0.0,0.0,0.0,0.0,0.0,0.0,0.0,0.0,0.0,0.0,0.0,0.0,0.0,0.0,0.0,0.0,0.0,0.0,0.0,0.0,0.0,0.0,0.0,0.0,0.0,0.0,0.0,0.0,0.0,0.0,0.0,0.0,0.0,0.0,0.0,0.0,0.0,0.0,0.0,0.0,0.0,0.0,0.0,0.0,0.0,0.0,0.0,0.0,0.0,0.0,0.0,0.0,0.0,0.0,0.0,0.0,0.0,0.0,0.0,0.0,0.0,0.0,0.0,0.0,0.0,0.0,0.0,0.0,0.0,0.0,0.0,0.0,0.0,0.0,0.0,0.0,0.0,0.0,0.0,0.0,0.0,0.0,0.0,0.0,0.0,0.0,0.0,0.0,0.0,0.0
promotion-heavy,5480000,base-stale,0,16,139227688.529314,128862251.452108,150172617.406919,0.0,0.0,0.0,0.0,0.0,0.0,1.0,1.0,1.0,0.0,0.0,0.0,0.0,0.0,0.0,530.625,504.029688,560.04375,0.014765,0.010966,0.018737,0.0,0.0,0.0,1.0,1.0,1.0,1.0,1.0,1.0,0.0,0.0,0.0,0.0,0.0,0.0,0.0,0.0,0.0,0.0,0.0,0.0,0.0,0.0,0.0,0.0,0.0,0.0,1.0,1.0,1.0,1.0,1.0,1.0,0.0,0.0,0.0,0.0,0.0,0.0,0.0,0.0,0.0,0.0,0.0,0.0,0.0,0.0,0.0,0.0,0.0,0.0,1.0,1.0,1.0,1.0,1.0,1.0,0.0,0.0,0.0,0.0,0.0,0.0,0.0,0.0,0.0,0.0,0.0,0.0,0.0,0.0,0.0,0.0,0.0,0.0,1.0,1.0,1.0,1.0,1.0,1.0,0.0,0.0,0.0,0.0,0.0,0.0,0.0,0.0,0.0,0.0,0.0,0.0,0.0,0.0,0.0,0.0,0.0,0.0
promotion-heavy,5480000,base-stale,1,16,140931039.316239,132009196.62892,151678558.511847,-1703350.786925,-2348683.384478,-1009117.821101,-0.013203,-0.018119,-0.007799,0.880355,0.870809,0.892092,0.164664,0.148294,0.18123,0.0,0.0,0.0,513.875,492.125,538.89375,0.057263,0.050218,0.064459,-1.500377,-2.171098,-0.970019,0.999485,0.995801,1.003811,0.923446,0.913475,0.931841,0.090837,0.080155,0.102857,0.0,0.0,0.0,0.000515,-0.003923,0.004501,0.359814,0.306484,0.408002,0.442925,0.386065,0.49643,0.0,0.0,0.0,1.0126,1.00819,1.017521,0.885493,0.877277,0.894895,0.157861,0.142654,0.171038,0.0,0.0,0.0,-0.0126,-0.017464,-0.007859,0.035583,0.002751,0.06053,0.034365,0.005162,0.057855,0.0,0.0,0.0,1.0197,1.015744,1.023231,0.901417,0.894406,0.909938,0.134501,0.12148,0.146638,0.0,0.0,0.0,-0.0197,-0.023155,-0.015875,0.171737,0.146437,0.194326,0.178479,0.150639,0.203399,0.0,0.0,0.0,1.014932,1.010087,1.020732,0.894044,0.885855,0.902696,0.163272,0.147349,0.177731,0.0,0.0,0.0,-0.014932,-0.01975,-0.009872,0.105536,0.064423,0.152912,-0.001573,-0.044356,0.045576,0.0,0.0,0.0
promotion-heavy,5480000,base-stale,3,16,140896557.170503,130055682.159014,150139165.875871,-1668868.641189,-2327095.704787,-869166.038125,-0.013018,-0.018752,-0.007712,0.88137,0.868406,0.891802,0.16117,0.146332,0.179353,0.0,0.0,0.0,519.3125,497.490625,546.88125,0.057146,0.051493,0.063118,-2.264161,-4.494147,-0.993926,0.99766,0.992129,1.002465,0.924975,0.913253,0.934713,0.085356,0.072863,0.099394,0.0,0.0,0.0,0.00234,-0.002751,0.006984,0.365809,0.291155,0.430369,0.468383,0.391562,0.538592,0.0,0.0,0.0,1.011915,1.006591,1.016899,0.887541,0.877183,0.898325,0.152603,0.13872,0.166749,0.0,0.0,0.0,-0.011915,-0.016264,-0.006316,0.052395,0.028157,0.075819,0.052203,0.027973,0.072307,0.0,0.0,0.0,1.019653,1.015408,1.023323,0.900286,0.892629,0.90791,0.135607,0.123488,0.147863,0.0,0.0,0.0,-0.019653,-0.023116,-0.015444,0.151334,0.121806,0.187514,0.151773,0.120288,0.192206,0.0,0.0,0.0,1.012254,1.007217,1.017191,0.895198,0.887539,0.90271,0.159085,0.146647,0.171621,0.0,0.0,0.0,-0.012254,-0.017524,-0.007259,0.105994,0.067742,0.154443,0.000702,-0.046716,0.04861,0.0,0.0,0.0
promotion-heavy,5480000,base-stale,7,16,140379712.628669,129588011.186372,150196190.326432,-1152024.099355,-1960771.245675,-114291.611969,-0.00952,-0.015722,-0.003172,0.878125,0.866725,0.889846,0.167605,0.150751,0.184864,0.002916,0.001856,0.004075,523.875,501.04375,551.821875,0.058709,0.052983,0.06414,-79.854059,-234.56,-1.266043,0.99398,0.988656,0.998828,0.924144,0.911415,0.936308,0.086501,0.071879,0.104246,0.002618,0.001673,0.003609,0.00602,0.001759,0.012163,0.384394,0.317416,0.44714,0.488199,0.412064,0.557339,0.051788,0.016015,0.102682,1.008895,1.002767,1.014859,0.884445,0.873564,0.895731,0.158334,0.141421,0.175108,0.002923,0.001796,0.004038,-0.008895,-0.014399,-0.001547,0.05009,0.030409,0.069565,0.054353,0.033782,0.075249,-0.014839,-0.092578,0.03644,1.01832,1.012466,1.023624,0.898347,0.889574,0.906742,0.13897,0.125927,0.152343,0.002482,0.001506,0.003556,-0.01832,-0.023423,-0.013076,0.158415,0.123641,0.198239,0.163283,0.125312,0.205235,0.090089,-0.000953,0.231044,1.008787,1.002698,1.014159,0.891854,0.880861,0.901237,0.163948,0.148433,0.179418,0.00292,0.001841,0.003994,-0.008787,-0.014299,-0.001857,0.11096,0.08297,0.14403,0.01667,-0.011163,0.046742,-0.000577,-0.005052,0.004161
promotion-heavy,5480000,full-refresh,0,16,139227688.529314,130668969.438549,149185371.426825,0.0,0.0,0.0,0.0,0.0,0.0,1.0,1.0,1.0,0.0,0.0,0.0,0.0,0.0,0.0,530.625,505.592188,556.125,1.0,1.0,1.0,1.0,1.0,1.0,1.0,1.0,1.0,1.0,1.0,1.0,0.0,0.0,0.0,0.0,0.0,0.0,0.0,0.0,0.0,1.0,1.0,1.0,1.0,1.0,1.0,1.0,1.0,1.0,1.0,1.0,1.0,1.0,1.0,1.0,0.0,0.0,0.0,0.0,0.0,0.0,0.0,0.0,0.0,1.0,1.0,1.0,1.0,1.0,1.0,1.0,1.0,1.0,1.0,1.0,1.0,1.0,1.0,1.0,0.0,0.0,0.0,0.0,0.0,0.0,0.0,0.0,0.0,1.0,1.0,1.0,1.0,1.0,1.0,1.0,1.0,1.0,1.0,1.0,1.0,1.0,1.0,1.0,0.0,0.0,0.0,0.0,0.0,0.0,0.0,0.0,0.0,1.0,1.0,1.0,1.0,1.0,1.0,1.0,1.0,1.0
promotion-heavy,5480000,stronger-but-stale,3,16,144560945.707168,134810744.863746,152441618.175433,-5333257.177854,-6084598.219605,-4550962.862146,-0.038992,-0.045093,-0.033351,0.804081,0.778706,0.827234,0.284621,0.253409,0.324295,0.007708,0.004675,0.010804,497.5625,469.339063,530.503125,0.0,0.0,0.0,0.0,0.0,0.0,0.0,0.0,0.0,0.0,0.0,0.0,0.0,0.0,0.0,0.0,0.0,0.0,0.0,0.0,0.0,0.0,0.0,0.0,0.0,0.0,0.0,0.0,0.0,0.0,0.0,0.0,0.0,0.0,0.0,0.0,0.0,0.0,0.0,0.0,0.0,0.0,0.0,0.0,0.0,0.0,0.0,0.0,0.0,0.0,0.0,0.0,0.0,0.0,0.0,0.0,0.0,0.0,0.0,0.0,0.0,0.0,0.0,0.0,0.0,0.0,0.0,0.0,0.0,0.0,0.0,0.0,0.0,0.0,0.0,0.0,0.0,0.0,0.0,0.0,0.0,0.0,0.0,0.0,0.0,0.0,0.0,0.0,0.0,0.0,0.0,0.0,0.0,0.0,0.0,0.0,0.0,0.0,0.0,0.0,0.0,0.0
promotion-heavy,5480000,weaker-but-fresh,0,16,71797236.357774,69463761.060714,74098680.41887,67430452.17154,57796916.110675,78367246.836224,0.473485,0.441221,0.508872,0.740876,0.727585,0.756564,0.021342,0.013261,0.030073,0.0,0.0,0.0,998.6875,983.904688,1013.875,0.0,0.0,0.0,0.0,0.0,0.0,0.0,0.0,0.0,0.0,0.0,0.0,0.0,0.0,0.0,0.0,0.0,0.0,0.0,0.0,0.0,0.0,0.0,0.0,0.0,0.0,0.0,0.0,0.0,0.0,0.0,0.0,0.0,0.0,0.0,0.0,0.0,0.0,0.0,0.0,0.0,0.0,0.0,0.0,0.0,0.0,0.0,0.0,0.0,0.0,0.0,0.0,0.0,0.0,0.0,0.0,0.0,0.0,0.0,0.0,0.0,0.0,0.0,0.0,0.0,0.0,0.0,0.0,0.0,0.0,0.0,0.0,0.0,0.0,0.0,0.0,0.0,0.0,0.0,0.0,0.0,0.0,0.0,0.0,0.0,0.0,0.0,0.0,0.0,0.0,0.0,0.0,0.0,0.0,0.0,0.0,0.0,0.0,0.0,0.0,0.0,0.0
promotion-heavy,7550000,base-stale,0,16,173672551.467531,161950376.002374,186776824.691521,0.0,0.0,0.0,0.0,0.0,0.0,1.0,1.0,1.0,0.0,0.0,0.0,0.0,0.0,0.0,755.125,709.273438,802.035938,0.014765,0.010641,0.018753,0.0,0.0,0.0,1.0,1.0,1.0,1.0,1.0,1.0,0.0,0.0,0.0,0.0,0.0,0.0,0.0,0.0,0.0,0.0,0.0,0.0,0.0,0.0,0.0,0.0,0.0,0.0,1.0,1.0,1.0,1.0,1.0,1.0,0.0,0.0,0.0,0.0,0.0,0.0,0.0,0.0,0.0,0.0,0.0,0.0,0.0,0.0,0.0,0.0,0.0,0.0,1.0,1.0,1.0,1.0,1.0,1.0,0.0,0.0,0.0,0.0,0.0,0.0,0.0,0.0,0.0,0.0,0.0,0.0,0.0,0.0,0.0,0.0,0.0,0.0,1.0,1.0,1.0,1.0,1.0,1.0,0.0,0.0,0.0,0.0,0.0,0.0,0.0,0.0,0.0,0.0,0.0,0.0,0.0,0.0,0.0,0.0,0.0,0.0
promotion-heavy,7550000,base-stale,1,16,175756939.23812,161272893.871058,188777756.611594,-2084387.770589,-2789487.630799,-1530835.321061,-0.012263,-0.01571,-0.008024,0.87834,0.868591,0.888115,0.176744,0.158291,0.196498,0.0,0.0,0.0,734.1875,700.139063,775.229687,0.057263,0.050808,0.063191,-1.902133,-2.961589,-1.090272,0.998593,0.995588,1.001561,0.924661,0.916114,0.933396,0.092057,0.077715,0.107228,0.0,0.0,0.0,0.001407,-0.001488,0.004272,0.38476,0.327571,0.438516,0.482825,0.42305,0.538224,0.0,0.0,0.0,1.011297,1.007352,1.014212,0.884428,0.87626,0.893604,0.167365,0.1478,0.183483,0.0,0.0,0.0,-0.011297,-0.014794,-0.007621,0.049265,0.031455,0.066057,0.052823,0.03406,0.070762,0.0,0.0,0.0,1.017132,1.013843,1.020596,0.889401,0.880635,0.898571,0.161136,0.14604,0.178121,0.0,0.0,0.0,-0.017132,-0.020314,-0.013592,0.09085,0.073811,0.109789,0.086332,0.067348,0.108069,0.0,0.0,0.0,1.011443,1.00799,1.01431,0.889692,0.879758,0.898247,0.171973,0.155546,0.189789,0.0,0.0,0.0,-0.011443,-0.014325,-0.008388,0.094349,0.073089,0.121017,0.023911,0.005379,0.047532,0.0,0.0,0.0
promotion-heavy,7550000,base-stale,3,16,175608571.009238,161476699.768029,188439926.469426,-1936019.541708,-2504529.340056,-1253948.224574,-0.011263,-0.014903,-0.007446,0.879188,0.870954,0.886264,0.174499,0.161754,0.191024,0.0,0.0,0.0,742.25,701.782812,790.245312,0.057146,0.051923,0.06332,-3.656132,-7.886818,-1.2969,0.996814,0.993544,0.999935,0.92671,0.91808,0.934484,0.087627,0.075535,0.10188,0.0,0.0,0.0,0.003186,0.000455,0.006448,0.397391,0.355728,0.449679,0.500861,0.452718,0.556905,0.0,0.0,0.0,1.01104,1.007883,1.01438,0.885242,0.876151,0.892883,0.165104,0.153096,0.180321,0.0,0.0,0.0,-0.01104,-0.015039,-0.00697,0.051056,0.037742,0.065963,0.0542,0.04203,0.070278,0.0,0.0,0.0,1.01604,1.012148,1.019641,0.889733,0.882326,0.896971,0.1596,0.145981,0.173993,0.0,0.0,0.0,-0.01604,-0.01956,-0.012208,0.086072,0.067092,0.105785,0.084835,0.065224,0.105979,0.0,0.0,0.0,1.00933,1.005656,1.012722,0.889953,0.880711,0.897859,0.171593,0.156788,0.18736,0.0,0.0,0.0,-0.00933,-0.012694,-0.005817,0.089502,0.062352,0.114264,0.01526,-0.001088,0.033696,0.0,0.0,0.0
promotion-heavy,7550000,base-stale,7,16,174905366.479166,161714189.816959,187296312.884652,-1232815.011636,-2031746.350314,-482164.179485,-0.007514,-0.011755,-0.002845,0.875112,0.864316,0.883347,0.179609,0.164471,0.196962,0.002029,0.001195,0.002854,747.9375,707.048437,795.601562,0.058709,0.054035,0.06395,-7.387367,-14.844947,-2.481918,0.992609,0.989276,0.996123,0.92683,0.917816,0.936472,0.085897,0.071674,0.101129,0.001834,0.001152,0.00249,0.007391,0.004232,0.011259,0.419397,0.381291,0.465271,0.528061,0.490936,0.575396,0.050196,0.018809,0.095026,1.006827,1.003078,1.010444,0.881083,0.871484,0.888736,0.171073,0.158923,0.188485,0.002027,0.001167,0.002868,-0.006828,-0.010581,-0.002622,0.047224,0.030589,0.062614,0.045108,0.026448,0.062922,0.000654,-0.000761,0.002424,1.013329,1.009816,1.016764,0.88645,0.876916,0.894032,0.164044,0.150951,0.180868,0.001728,0.001001,0.002486,-0.013329,-0.017141,-0.009709,0.090753,0.069726,0.1112,0.086613,0.066327,0.107107,0.088829,-0.005448,0.246145,1.006646,1.002781,1.010012,0.885541,0.876201,0.895171,0.178588,0.161816,0.193792,0.002033,0.001265,0.002773,-0.006646,-0.009988,-0.003482,0.084369,0.063652,0.103729,0.003093,-0.014495,0.022062,-0.002042,-0.005589,0.000795
promotion-heavy,7550000,full-refresh,0,16,173672551.467531,160098057.120051,186192395.148655,0.0,0.0,0.0,0.0,0.0,0.0,1.0,1.0,1.0,0.0,0.0,0.0,0.0,0.0,0.0,755.125,718.346875,809.63125,1.0,1.0,1.0,1.0,1.0,1.0,1.0,1.0,1.0,1.0,1.0,1.0,0.0,0.0,0.0,0.0,0.0,0.0,0.0,0.0,0.0,1.0,1.0,1.0,1.0,1.0,1.0,1.0,1.0,1.0,1.0,1.0,1.0,1.0,1.0,1.0,0.0,0.0,0.0,0.0,0.0,0.0,0.0,0.0,0.0,1.0,1.0,1.0,1.0,1.0,1.0,1.0,1.0,1.0,1.0,1.0,1.0,1.0,1.0,1.0,0.0,0.0,0.0,0.0,0.0,0.0,0.0,0.0,0.0,1.0,1.0,1.0,1.0,1.0,1.0,1.0,1.0,1.0,1.0,1.0,1.0,1.0,1.0,1.0,0.0,0.0,0.0,0.0,0.0,0.0,0.0,0.0,0.0,1.0,1.0,1.0,1.0,1.0,1.0,1.0,1.0,1.0
promotion-heavy,7550000,stronger-but-stale,3,16,180718566.676576,165006393.074274,192629423.236838,-7046015.209046,-8106100.504106,-5837911.533284,-0.039797,-0.045465,-0.03456,0.797792,0.771678,0.818194,0.310301,0.285156,0.343805,0.005491,0.003733,0.007444,700.3125,653.964062,752.573437,0.0,0.0,0.0,0.0,0.0,0.0,0.0,0.0,0.0,0.0,0.0,0.0,0.0,0.0,0.0,0.0,0.0,0.0,0.0,0.0,0.0,0.0,0.0,0.0,0.0,0.0,0.0,0.0,0.0,0.0,0.0,0.0,0.0,0.0,0.0,0.0,0.0,0.0,0.0,0.0,0.0,0.0,0.0,0.0,0.0,0.0,0.0,0.0,0.0,0.0,0.0,0.0,0.0,0.0,0.0,0.0,0.0,0.0,0.0,0.0,0.0,0.0,0.0,0.0,0.0,0.0,0.0,0.0,0.0,0.0,0.0,0.0,0.0,0.0,0.0,0.0,0.0,0.0,0.0,0.0,0.0,0.0,0.0,0.0,0.0,0.0,0.0,0.0,0.0,0.0,0.0,0.0,0.0,0.0,0.0,0.0,0.0,0.0,0.0,0.0,0.0,0.0
promotion-heavy,7550000,weaker-but-fresh,0,16,100809070.446432,97632581.930706,104012243.552558,72863481.021099,61342647.577574,84302335.123278,0.409812,0.376701,0.440185,0.736047,0.725281,0.746314,0.014688,0.009311,0.019934,0.0,0.0,0.0,1332.375,1314.625,1349.470313,0.0,0.0,0.0,0.0,0.0,0.0,0.0,0.0,0.0,0.0,0.0,0.0,0.0,0.0,0.0,0.0,0.0,0.0,0.0,0.0,0.0,0.0,0.0,0.0,0.0,0.0,0.0,0.0,0.0,0.0,0.0,0.0,0.0,0.0,0.0,0.0,0.0,0.0,0.0,0.0,0.0,0.0,0.0,0.0,0.0,0.0,0.0,0.0,0.0,0.0,0.0,0.0,0.0,0.0,0.0,0.0,0.0,0.0,0.0,0.0,0.0,0.0,0.0,0.0,0.0,0.0,0.0,0.0,0.0,0.0,0.0,0.0,0.0,0.0,0.0,0.0,0.0,0.0,0.0,0.0,0.0,0.0,0.0,0.0,0.0,0.0,0.0,0.0,0.0,0.0,0.0,0.0,0.0,0.0,0.0,0.0,0.0,0.0,0.0,0.0,0.0,0.0
seasonal-shift,2760000,base-stale,0,16,78006756.923613,71734440.079077,84323143.064384,0.0,0.0,0.0,0.0,0.0,0.0,1.0,1.0,1.0,0.0,0.0,0.0,0.0,0.0,0.0,254.875,231.30625,281.417188,0.014552,0.010537,0.01842,0.0,0.0,0.0,1.0,1.0,1.0,1.0,1.0,1.0,0.0,0.0,0.0,0.0,0.0,0.0,0.0,0.0,0.0,0.0,0.0,0.0,0.0,0.0,0.0,0.0,0.0,0.0,1.0,1.0,1.0,1.0,1.0,1.0,0.0,0.0,0.0,0.0,0.0,0.0,0.0,0.0,0.0,0.0,0.0,0.0,0.0,0.0,0.0,0.0,0.0,0.0,1.0,1.0,1.0,1.0,1.0,1.0,0.0,0.0,0.0,0.0,0.0,0.0,0.0,0.0,0.0,0.0,0.0,0.0,0.0,0.0,0.0,0.0,0.0,0.0,1.0,1.0,1.0,1.0,1.0,1.0,0.0,0.0,0.0,0.0,0.0,0.0,0.0,0.0,0.0,0.0,0.0,0.0,0.0,0.0,0.0,0.0,0.0,0.0
seasonal-shift,2760000,base-stale,1,16,79151023.407934,73447043.444177,85592785.572685,-1144266.484321,-1821668.472103,-445757.793705,-0.016695,-0.027266,-0.005061,0.892375,0.881507,0.905247,0.149032,0.12814,0.175158,0.0,0.0,0.0,248.6875,224.417188,270.657812,0.056521,0.050337,0.063054,-1.526359,-3.283216,-0.40883,1.002378,0.994663,1.010186,0.917317,0.900661,0.93197,0.108894,0.084617,0.137623,0.0,0.0,0.0,-0.002378,-0.009961,0.006548,0.241187,0.157728,0.332764,0.292504,0.203113,0.383615,0.0,0.0,0.0,1.01507,1.005999,1.024661,0.895796,0.883593,0.909756,0.146546,0.119936,0.176054,0.0,0.0,0.0,-0.01507,-0.023603,-0.005302,0.032678,-0.03359,0.079271,0.028011,-0.06503,0.087984,0.0,0.0,0.0,1.015669,1.007959,1.023426,0.948409,0.94063,0.956739,0.065462,0.049794,0.081778,0.0,0.0,0.0,-0.015669,-0.021969,-0.006668,0.52474,0.469939,0.578951,0.584973,0.521542,0.665506,0.0,0.0,0.0,1.011808,1.002447,1.019784,0.91083,0.899045,0.922235,0.133874,0.119125,0.149729,0.0,0.0,0.0,-0.011808,-0.020155,-0.003262,0.163676,0.118753,0.215994,0.076411,0.022914,0.13025,0.0,0.0,0.0
seasonal-shift,2760000,base-stale,3,16,78923374.766722,72800735.926745,84916518.473868,-916617.843109,-1633948.051344,-176609.764999,-0.013386,-0.023682,-0.002629,0.893042,0.880112,0.907787,0.145466,0.122421,0.170641,0.0,0.0,0.0,251.0625,228.015625,276.048437,0.056408,0.051097,0.062377,-1.206289,-1.921641,-0.589227,1.00058,0.990582,1.009012,0.916544,0.895089,0.934198,0.107107,0.079035,0.141784,0.0,0.0,0.0,-0.00058,-0.009995,0.008078,0.23855,0.14884,0.319975,0.292671,0.197508,0.377574,0.0,0.0,0.0,1.012849,1.003648,1.022966,0.897555,0.883611,0.910346,0.138467,0.116292,0.162896,0.0,0.0,0.0,-0.012849,-0.023213,-0.003363,0.044348,0.010127,0.080637,0.050924,0.007925,0.099745,0.0,0.0,0.0,1.016824,1.010378,1.024082,0.945175,0.935813,0.953937,0.066658,0.05178,0.083712,0.0,0.0,0.0,-0.016824,-0.023186,-0.009834,0.485451,0.409709,0.559412,0.557787,0.472062,0.659529,0.0,0.0,0.0,1.007237,0.997892,1.015507,0.916447,0.902175,0.930141,0.124673,0.105924,0.144383,0.0,0.0,0.0,-0.007237,-0.015418,0.000747,0.218305,0.15202,0.290482,0.115806,0.03377,0.203529,0.0,0.0,0.0
seasonal-shift,2760000,base-stale,7,16,78665725.558737,72507983.947501,84329419.544816,-658968.635125,-1481958.363784,134211.195324,-0.01054,-0.021829,-0.000109,0.891774,0.877208,0.906092,0.150969,0.123395,0.181937,0.005459,0.003153,0.007646,253.375,229.771875,275.345312,0.05792,0.053196,0.062818,-0.970418,-1.872882,-0.425406,0.996144,0.988584,1.004097,0.916608,0.901621,0.931331,0.107456,0.082493,0.13903,0.004733,0.002445,0.00656,0.003856,-0.004061,0.012773,0.239296,0.159197,0.313525,0.309854,0.218008,0.397362,0.072056,0.006164,0.141102,1.011275,0.999576,1.02148,0.895323,0.882686,0.909995,0.146891,0.118688,0.176865,0.00541,0.003251,0.007636,-0.011275,-0.02327,-0.000488,0.030285,-0.018438,0.070723,0.026849,-0.022296,0.065102,0.005088,4e-05,0.010494,1.013022,1.005848,1.019893,0.950487,0.942152,0.959319,0.059027,0.044961,0.073909,0.004264,0.002312,0.006231,-0.013022,-0.01989,-0.005865,0.536791,0.465633,0.608596,0.598346,0.516772,0.677627,0.137341,0.027736,0.27689,1.004832,0.996791,1.013508,0.907477,0.894396,0.920458,0.141954,0.115205,0.167737,0.005444,0.003207,0.007637,-0.004832,-0.013308,0.004311,0.136453,0.080542,0.191244,0.038494,-0.040581,0.107239,0.002461,-0.005172,0.012204
seasonal-shift,2760000,full-refresh,0,16,78006756.923613,71739046.918149,84138958.533324,0.0,0.0,0.0,0.0,0.0,0.0,1.0,1.0,1.0,0.0,0.0,0.0,0.0,0.0,0.0,254.875,232.25,283.423437,1.0,1.0,1.0,1.0,1.0,1.0,1.0,1.0,1.0,1.0,1.0,1.0,0.0,0.0,0.0,0.0,0.0,0.0,0.0,0.0,0.0,1.0,1.0,1.0,1.0,1.0,1.0,1.0,1.0,1.0,1.0,1.0,1.0,1.0,1.0,1.0,0.0,0.0,0.0,0.0,0.0,0.0,0.0,0.0,0.0,1.0,1.0,1.0,1.0,1.0,1.0,1.0,1.0,1.0,1.0,1.0,1.0,1.0,1.0,1.0,0.0,0.0,0.0,0.0,0.0,0.0,0.0,0.0,0.0,1.0,1.0,1.0,1.0,1.0,1.0,1.0,1.0,1.0,1.0,1.0,1.0,1.0,1.0,1.0,0.0,0.0,0.0,0.0,0.0,0.0,0.0,0.0,0.0,1.0,1.0,1.0,1.0,1.0,1.0,1.0,1.0,1.0
seasonal-shift,2760000,stronger-but-stale,3,16,79815681.000692,73875328.718985,86768569.043022,-1808924.077079,-2700941.757902,-995849.757445,-0.024223,-0.035419,-0.01281,0.816432,0.785261,0.852413,0.270415,0.210147,0.332624,0.013589,0.008218,0.018132,251.25,223.089063,276.848437,0.0,0.0,0.0,0.0,0.0,0.0,0.0,0.0,0.0,0.0,0.0,0.0,0.0,0.0,0.0,0.0,0.0,0.0,0.0,0.0,0.0,0.0,0.0,0.0,0.0,0.0,0.0,0.0,0.0,0.0,0.0,0.0,0.0,0.0,0.0,0.0,0.0,0.0,0.0,0.0,0.0,0.0,0.0,0.0,0.0,0.0,0.0,0.0,0.0,0.0,0.0,0.0,0.0,0.0,0.0,0.0,0.0,0.0,0.0,0.0,0.0,0.0,0.0,0.0,0.0,0.0,0.0,0.0,0.0,0.0,0.0,0.0,0.0,0.0,0.0,0.0,0.0,0.0,0.0,0.0,0.0,0.0,0.0,0.0,0.0,0.0,0.0,0.0,0.0,0.0,0.0,0.0,0.0,0.0,0.0,0.0,0.0,0.0,0.0,0.0,0.0,0.0
seasonal-shift,2760000,weaker-but-fresh,0,16,30944780.641848,28181196.68789,33553312.540257,47061976.281765,38719749.930679,53935617.860678,0.588104,0.532228,0.647189,0.704949,0.646286,0.74949,0.067818,0.040309,0.098898,0.0,0.0,0.0,513.8125,499.404688,531.479687,0.0,0.0,0.0,0.0,0.0,0.0,0.0,0.0,0.0,0.0,0.0,0.0,0.0,0.0,0.0,0.0,0.0,0.0,0.0,0.0,0.0,0.0,0.0,0.0,0.0,0.0,0.0,0.0,0.0,0.0,0.0,0.0,0.0,0.0,0.0,0.0,0.0,0.0,0.0,0.0,0.0,0.0,0.0,0.0,0.0,0.0,0.0,0.0,0.0,0.0,0.0,0.0,0.0,0.0,0.0,0.0,0.0,0.0,0.0,0.0,0.0,0.0,0.0,0.0,0.0,0.0,0.0,0.0,0.0,0.0,0.0,0.0,0.0,0.0,0.0,0.0,0.0,0.0,0.0,0.0,0.0,0.0,0.0,0.0,0.0,0.0,0.0,0.0,0.0,0.0,0.0,0.0,0.0,0.0,0.0,0.0,0.0,0.0,0.0,0.0,0.0,0.0
seasonal-shift,5480000,base-stale,0,16,127748056.263732,116871137.465327,137047186.40836,0.0,0.0,0.0,0.0,0.0,0.0,1.0,1.0,1.0,0.0,0.0,0.0,0.0,0.0,0.0,531.6875,503.276563,566.821875,0.014552,0.010837,0.018744,0.0,0.0,0.0,1.0,1.0,1.0,1.0,1.0,1.0,0.0,0.0,0.0,0.0,0.0,0.0,0.0,0.0,0.0,0.0,0.0,0.0,0.0,0.0,0.0,0.0,0.0,0.0,1.0,1.0,1.0,1.0,1.0,1.0,0.0,0.0,0.0,0.0,0.0,0.0,0.0,0.0,0.0,0.0,0.0,0.0,0.0,0.0,0.0,0.0,0.0,0.0,1.0,1.0,1.0,1.0,1.0,1.0,0.0,0.0,0.0,0.0,0.0,0.0,0.0,0.0,0.0,0.0,0.0,0.0,0.0,0.0,0.0,0.0,0.0,0.0,1.0,1.0,1.0,1.0,1.0,1.0,0.0,0.0,0.0,0.0,0.0,0.0,0.0,0.0,0.0,0.0,0.0,0.0,0.0,0.0,0.0,0.0,0.0,0.0
seasonal-shift,5480000,base-stale,1,16,129295268.158505,120316275.448872,139058294.35972,-1547211.894773,-2118162.227397,-926496.595815,-0.013064,-0.018207,-0.008211,0.878734,0.870352,0.887295,0.172401,0.159655,0.186612,0.0,0.0,0.0,513.5625,487.996875,544.698437,0.056521,0.050207,0.062564,-61.321547,-180.184662,-1.136826,0.997469,0.993216,1.001815,0.920984,0.915066,0.926376,0.095375,0.08764,0.102818,0.0,0.0,0.0,0.002531,-0.001129,0.006135,0.342457,0.307161,0.383771,0.436482,0.396355,0.482867,0.0,0.0,0.0,1.012088,1.007487,1.016517,0.884061,0.8763,0.891917,0.165065,0.151762,0.178477,0.0,0.0,0.0,-0.012088,-0.016975,-0.007545,0.043576,0.026904,0.061667,0.042352,0.02715,0.059605,0.0,0.0,0.0,1.018099,1.014434,1.022833,0.894595,0.887967,0.902666,0.14832,0.13614,0.160459,0.0,0.0,0.0,-0.018099,-0.022175,-0.013788,0.130404,0.110417,0.151922,0.138676,0.117574,0.161038,0.0,0.0,0.0,1.013285,1.009316,1.017131,0.89331,0.886855,0.901609,0.169146,0.153628,0.180246,0.0,0.0,0.0,-0.013285,-0.017449,-0.009345,0.119198,0.094508,0.148689,0.016289,-0.006585,0.045009,0.0,0.0,0.0
seasonal-shift,5480000,base-stale,3,16,129249039.031208,120465146.563265,137901113.710665,-1500982.767476,-2120590.888271,-917047.495671,-0.01258,-0.017828,-0.007584,0.880297,0.873649,0.886858,0.167647,0.157601,0.178222,0.0,0.0,0.0,519.5625,491.464063,557.56875,0.056408,0.050692,0.062067,-2.32257,-4.331307,-1.041657,0.997155,0.992792,1.001386,0.923327,0.91595,0.929711,0.089647,0.081322,0.098455,0.0,0.0,0.0,0.002844,-0.001599,0.007388,0.357199,0.3155,0.402178,0.45825,0.406862,0.5072,0.0,0.0,0.0,1.012425,1.007668,1.017533,0.885901,0.880402,0.892383,0.159767,0.15029,0.167016,0.0,0.0,0.0,-0.012425,-0.017896,-0.00743,0.045613,0.030335,0.061441,0.045536,0.030288,0.060337,0.0,0.0,0.0,1.018973,1.014547,1.023358,0.894704,0.887529,0.90222,0.14672,0.13548,0.157739,0.0,0.0,0.0,-0.018973,-0.023777,-0.014718,0.120492,0.093556,0.146095,0.124756,0.094543,0.154001,0.0,0.0,0.0,1.011054,1.006757,1.014639,0.893014,0.887509,0.900237,0.167983,0.156985,0.178362,0.0,0.0,0.0,-0.011054,-0.015452,-0.007028,0.104188,0.072955,0.135796,-0.00371,-0.026733,0.021269,0.0,0.0,0.0
seasonal-shift,5480000,base-stale,7,16,128929660.507119,120273954.285183,137886386.991644,-1181604.243388,-1937636.346022,-45670.528828,-0.010515,-0.015928,-0.002654,0.877018,0.868422,0.886269,0.174525,0.161223,0.188029,0.002741,0.001676,0.003907,523.875,492.928125,555.19375,0.05792,0.052706,0.064154,-3.027684,-6.139646,-1.176789,0.993049,0.987504,0.997848,0.922181,0.909651,0.932844,0.090986,0.078344,0.10853,0.002366,0.001407,0.003396,0.006951,0.00172,0.012975,0.373453,0.32343,0.426204,0.482548,0.432056,0.535551,0.076878,0.023351,0.159441,1.009115,1.003052,1.014083,0.882978,0.875095,0.890355,0.166512,0.154633,0.178815,0.00275,0.001694,0.004027,-0.009115,-0.013635,-0.00282,0.046659,0.029282,0.062951,0.044982,0.028099,0.061959,-0.002491,-0.005473,0.000117,1.017789,1.011432,1.023514,0.894734,0.889323,0.900238,0.149354,0.139878,0.158116,0.002191,0.001277,0.003208,-0.017789,-0.022197,-0.012328,0.139959,0.112578,0.169673,0.140537,0.111434,0.173104,0.121232,0.011804,0.239548,1.007811,1.00235,1.012351,0.890151,0.881632,0.898711,0.172738,0.159365,0.185352,0.002763,0.001534,0.003874,-0.007811,-0.013017,-0.001515,0.104603,0.072223,0.141547,0.007069,-0.031956,0.048729,-0.006029,-0.012932,1.6e-05
seasonal-shift,5480000,full-refresh,0,16,127748056.263732,116341089.985832,136883125.242193,0.0,0.0,0.0,0.0,0.0,0.0,1.0,1.0,1.0,0.0,0.0,0.0,0.0,0.0,0.0,531.6875,502.560938,570.828125,1.0,1.0,1.0,1.0,1.0,1.0,1.0,1.0,1.0,1.0,1.0,1.0,0.0,0.0,0.0,0.0,0.0,0.0,0.0,0.0,0.0,1.0,1.0,1.0,1.0,1.0,1.0,1.0,1.0,1.0,1.0,1.0,1.0,1.0,1.0,1.0,0.0,0.0,0.0,0.0,0.0,0.0,0.0,0.0,0.0,1.0,1.0,1.0,1.0,1.0,1.0,1.0,1.0,1.0,1.0,1.0,1.0,1.0,1.0,1.0,0.0,0.0,0.0,0.0,0.0,0.0,0.0,0.0,0.0,1.0,1.0,1.0,1.0,1.0,1.0,1.0,1.0,1.0,1.0,1.0,1.0,1.0,1.0,1.0,0.0,0.0,0.0,0.0,0.0,0.0,0.0,0.0,0.0,1.0,1.0,1.0,1.0,1.0,1.0,1.0,1.0,1.0
seasonal-shift,5480000,stronger-but-stale,3,16,133353211.414374,123088514.393334,142681649.811583,-5605155.150643,-6267224.961224,-4963250.748013,-0.044099,-0.048401,-0.03984,0.797392,0.774281,0.818247,0.308321,0.277473,0.34373,0.007171,0.004674,0.009641,495.25,461.196875,531.546875,0.0,0.0,0.0,0.0,0.0,0.0,0.0,0.0,0.0,0.0,0.0,0.0,0.0,0.0,0.0,0.0,0.0,0.0,0.0,0.0,0.0,0.0,0.0,0.0,0.0,0.0,0.0,0.0,0.0,0.0,0.0,0.0,0.0,0.0,0.0,0.0,0.0,0.0,0.0,0.0,0.0,0.0,0.0,0.0,0.0,0.0,0.0,0.0,0.0,0.0,0.0,0.0,0.0,0.0,0.0,0.0,0.0,0.0,0.0,0.0,0.0,0.0,0.0,0.0,0.0,0.0,0.0,0.0,0.0,0.0,0.0,0.0,0.0,0.0,0.0,0.0,0.0,0.0,0.0,0.0,0.0,0.0,0.0,0.0,0.0,0.0,0.0,0.0,0.0,0.0,0.0,0.0,0.0,0.0,0.0,0.0,0.0,0.0,0.0,0.0,0.0,0.0
seasonal-shift,5480000,weaker-but-fresh,0,16,67068951.935723,64419804.803175,68983607.350877,60679104.328009,50745200.449216,69128023.450937,0.462984,0.414449,0.502857,0.727705,0.715409,0.740925,0.020656,0.014193,0.027574,0.0,0.0,0.0,977.75,963.148438,993.075,0.0,0.0,0.0,0.0,0.0,0.0,0.0,0.0,0.0,0.0,0.0,0.0,0.0,0.0,0.0,0.0,0.0,0.0,0.0,0.0,0.0,0.0,0.0,0.0,0.0,0.0,0.0,0.0,0.0,0.0,0.0,0.0,0.0,0.0,0.0,0.0,0.0,0.0,0.0,0.0,0.0,0.0,0.0,0.0,0.0,0.0,0.0,0.0,0.0,0.0,0.0,0.0,0.0,0.0,0.0,0.0,0.0,0.0,0.0,0.0,0.0,0.0,0.0,0.0,0.0,0.0,0.0,0.0,0.0,0.0,0.0,0.0,0.0,0.0,0.0,0.0,0.0,0.0,0.0,0.0,0.0,0.0,0.0,0.0,0.0,0.0,0.0,0.0,0.0,0.0,0.0,0.0,0.0,0.0,0.0,0.0,0.0,0.0,0.0,0.0,0.0,0.0
seasonal-shift,7550000,base-stale,0,16,158281163.011234,144450639.510166,170663510.376799,0.0,0.0,0.0,0.0,0.0,0.0,1.0,1.0,1.0,0.0,0.0,0.0,0.0,0.0,0.0,774.5,722.7375,830.204687,0.014552,0.010846,0.018938,0.0,0.0,0.0,1.0,1.0,1.0,1.0,1.0,1.0,0.0,0.0,0.0,0.0,0.0,0.0,0.0,0.0,0.0,0.0,0.0,0.0,0.0,0.0,0.0,0.0,0.0,0.0,1.0,1.0,1.0,1.0,1.0,1.0,0.0,0.0,0.0,0.0,0.0,0.0,0.0,0.0,0.0,0.0,0.0,0.0,0.0,0.0,0.0,0.0,0.0,0.0,1.0,1.0,1.0,1.0,1.0,1.0,0.0,0.0,0.0,0.0,0.0,0.0,0.0,0.0,0.0,0.0,0.0,0.0,0.0,0.0,0.0,0.0,0.0,0.0,1.0,1.0,1.0,1.0,1.0,1.0,0.0,0.0,0.0,0.0,0.0,0.0,0.0,0.0,0.0,0.0,0.0,0.0,0.0,0.0,0.0,0.0,0.0,0.0
seasonal-shift,7550000,base-stale,1,16,160473862.949679,146350476.481023,173327194.810182,-2192699.938446,-2779893.830262,-1712666.569806,-0.013865,-0.016889,-0.011221,0.87267,0.863095,0.88047,0.192466,0.178373,0.209864,0.0,0.0,0.0,752.4375,701.2875,804.320312,0.056521,0.049578,0.062914,-1.160643,-1.361392,-1.001049,0.999195,0.997063,1.001439,0.920036,0.911494,0.928787,0.103087,0.088432,0.118778,0.0,0.0,0.0,0.000805,-0.001352,0.002996,0.373949,0.320853,0.426085,0.469629,0.411345,0.530627,0.0,0.0,0.0,1.0129,1.010451,1.016023,0.87939,0.869243,0.888203,0.182128,0.167149,0.200128,0.0,0.0,0.0,-0.0129,-0.015449,-0.010034,0.051789,0.038564,0.064265,0.052326,0.038262,0.066082,0.0,0.0,0.0,1.018125,1.01585,1.020348,0.88302,0.87286,0.893108,0.178037,0.160273,0.195361,0.0,0.0,0.0,-0.018125,-0.020994,-0.015594,0.082989,0.063801,0.10066,0.076397,0.05992,0.094255,0.0,0.0,0.0,1.012352,1.009067,1.015446,0.881279,0.869511,0.891601,0.18954,0.172326,0.207599,0.0,0.0,0.0,-0.012352,-0.015504,-0.009677,0.068971,0.048165,0.091442,0.014635,-0.008979,0.034923,0.0,0.0,0.0
seasonal-shift,7550000,base-stale,3,16,160268280.44445,147708716.412625,173595835.321857,-1987117.433217,-2589857.681391,-1461994.105354,-0.012197,-0.015478,-0.009302,0.873133,0.864911,0.881616,0.190498,0.177234,0.204558,0.0,0.0,0.0,756.625,710.407812,807.7,0.056408,0.05027,0.061823,-2.160808,-4.122095,-1.07932,0.998246,0.996153,1.000693,0.921603,0.910557,0.931068,0.09847,0.083346,0.116876,0.0,0.0,0.0,0.001754,-0.001154,0.00417,0.388494,0.336643,0.438824,0.490854,0.435959,0.546426,0.0,0.0,0.0,1.012552,1.009054,1.015509,0.879208,0.869841,0.887035,0.18206,0.167941,0.198068,0.0,0.0,0.0,-0.012552,-0.016155,-0.009178,0.048763,0.036172,0.061772,0.045385,0.033741,0.056077,0.0,0.0,0.0,1.016521,1.013207,1.019416,0.882791,0.874082,0.889514,0.176361,0.163204,0.191576,0.0,0.0,0.0,-0.016521,-0.019645,-0.012955,0.076691,0.058543,0.094458,0.075863,0.055015,0.094707,0.0,0.0,0.0,1.009928,1.007356,1.012651,0.883447,0.874633,0.892687,0.186416,0.171324,0.201025,0.0,0.0,0.0,-0.009928,-0.012768,-0.007509,0.082792,0.054949,0.109837,0.021491,-0.001389,0.041017,0.0,0.0,0.0
seasonal-shift,7550000,base-stale,7,16,159686939.559569,147326444.620842,173297287.626476,-1405776.548335,-2098752.614171,-752332.528394,-0.008671,-0.012435,-0.0052,0.870666,0.860759,0.879129,0.193879,0.180178,0.210884,0.001865,0.001151,0.00264,766.875,720.453125,824.396875,0.05792,0.052715,0.063222,-2.301117,-3.802419,-1.338319,0.994217,0.991084,0.997262,0.923223,0.910238,0.934043,0.095517,0.078315,0.117381,0.001609,0.000836,0.002356,0.005783,0.002687,0.008655,0.417322,0.359997,0.466865,0.520802,0.457296,0.577961,0.079925,0.017322,0.161524,1.0081,1.00421,1.011923,0.878013,0.870222,0.886403,0.182329,0.169435,0.194905,0.001803,0.001103,0.002494,-0.0081,-0.011463,-0.004051,0.05714,0.046447,0.069806,0.059717,0.047278,0.0731,0.017003,-0.000176,0.049412,1.013626,1.01033,1.017504,0.87968,0.869551,0.887858,0.180827,0.167249,0.196894,0.001487,0.000768,0.002287,-0.013626,-0.017183,-0.009724,0.069117,0.052146,0.085579,0.066607,0.04925,0.084079,0.122428,0.012474,0.277956,1.006397,1.002468,1.009992,0.879642,0.869791,0.887828,0.19267,0.178162,0.208241,0.001875,0.00112,0.002735,-0.006397,-0.009446,-0.00317,0.068408,0.0341,0.096523,0.003563,-0.025938,0.030249,-0.003919,-0.009175,3.5e-05
seasonal-shift,7550000,full-refresh,0,16,158281163.011234,144319674.180896,169456063.212557,0.0,0.0,0.0,0.0,0.0,0.0,1.0,1.0,1.0,0.0,0.0,0.0,0.0,0.0,0.0,774.5,717.74375,826.626562,1.0,1.0,1.0,1.0,1.0,1.0,1.0,1.0,1.0,1.0,1.0,1.0,0.0,0.0,0.0,0.0,0.0,0.0,0.0,0.0,0.0,1.0,1.0,1.0,1.0,1.0,1.0,1.0,1.0,1.0,1.0,1.0,1.0,1.0,1.0,1.0,0.0,0.0,0.0,0.0,0.0,0.0,0.0,0.0,0.0,1.0,1.0,1.0,1.0,1.0,1.0,1.0,1.0,1.0,1.0,1.0,1.0,1.0,1.0,1.0,0.0,0.0,0.0,0.0,0.0,0.0,0.0,0.0,0.0,1.0,1.0,1.0,1.0,1.0,1.0,1.0,1.0,1.0,1.0,1.0,1.0,1.0,1.0,1.0,0.0,0.0,0.0,0.0,0.0,0.0,0.0,0.0,0.0,1.0,1.0,1.0,1.0,1.0,1.0,1.0,1.0,1.0
seasonal-shift,7550000,stronger-but-stale,3,16,164930420.797051,152424502.027547,177680497.743302,-6649257.785818,-7912864.445204,-5442765.398805,-0.04047,-0.046033,-0.034414,0.795753,0.773063,0.815104,0.322902,0.295867,0.358092,0.00494,0.002892,0.006875,719.5625,662.154688,778.595312,0.0,0.0,0.0,0.0,0.0,0.0,0.0,0.0,0.0,0.0,0.0,0.0,0.0,0.0,0.0,0.0,0.0,0.0,0.0,0.0,0.0,0.0,0.0,0.0,0.0,0.0,0.0,0.0,0.0,0.0,0.0,0.0,0.0,0.0,0.0,0.0,0.0,0.0,0.0,0.0,0.0,0.0,0.0,0.0,0.0,0.0,0.0,0.0,0.0,0.0,0.0,0.0,0.0,0.0,0.0,0.0,0.0,0.0,0.0,0.0,0.0,0.0,0.0,0.0,0.0,0.0,0.0,0.0,0.0,0.0,0.0,0.0,0.0,0.0,0.0,0.0,0.0,0.0,0.0,0.0,0.0,0.0,0.0,0.0,0.0,0.0,0.0,0.0,0.0,0.0,0.0,0.0,0.0,0.0,0.0,0.0,0.0,0.0,0.0,0.0,0.0,0.0
seasonal-shift,7550000,weaker-but-fresh,0,16,93580611.750422,90060278.078295,96252552.476904,64700551.260812,54529083.090592,75686629.162959,0.395867,0.350768,0.435435,0.727291,0.71846,0.737421,0.015327,0.010365,0.022103,0.0,0.0,0.0,1309.6875,1288.832813,1332.032813,0.0,0.0,0.0,0.0,0.0,0.0,0.0,0.0,0.0,0.0,0.0,0.0,0.0,0.0,0.0,0.0,0.0,0.0,0.0,0.0,0.0,0.0,0.0,0.0,0.0,0.0,0.0,0.0,0.0,0.0,0.0,0.0,0.0,0.0,0.0,0.0,0.0,0.0,0.0,0.0,0.0,0.0,0.0,0.0,0.0,0.0,0.0,0.0,0.0,0.0,0.0,0.0,0.0,0.0,0.0,0.0,0.0,0.0,0.0,0.0,0.0,0.0,0.0,0.0,0.0,0.0,0.0,0.0,0.0,0.0,0.0,0.0,0.0,0.0,0.0,0.0,0.0,0.0,0.0,0.0,0.0,0.0,0.0,0.0,0.0,0.0,0.0,0.0,0.0,0.0,0.0,0.0,0.0,0.0,0.0,0.0,0.0,0.0,0.0,0.0,0.0,0.0
